sampled_date,PCI,H2,sample_weight,TDC_PHD.PIC_40401_min,TDC_PHD.TI_25405_max,TDC_PHD.TI_40131_mean,TDC_PHD.TIC_40401_min,TDC_PHD.FI_20007_mean,prop_Vanadio,TDC_PHD.ZI_25501_std,TDC_PHD.FIC_20209_min,TDC_PHD.FI_40401_min,TDC_PHD.TI_40134_max,prop_80% m/m,prop_KUOP,TDC_PHD.TI_25405_mean,TDC_PHD.TI_25202_max,TDC_PHD.FIC_10520_std,prop_40% m/m,TDC_PHD.FIC_40402_max,TDC_PHD.FIC_25108_min,TDC_PHD.ZI_25201_std,prop_5% m/m,TDC_PHD.TIC_20002_std,prop_Sodio,prop_Hierro,TDC_PHD.TI_40131_max,TDC_PHD.ZI_25201_min,TDC_PHD.ZI_25201_max,TDC_PHD.TI_25205_std,prop_Densidad a 50 °C,TDC_PHD.TI_25202_mean,TDC_PHD.FIC_10520_mean,prop_Calcio,TDC_PHD.FIC_25511_std,TDC_PHD.TI_25405_std,TDC_PHD.FIC_40402_min,TDC_PHD.TIC_20002_min,TDC_PHD.FIC_20209_max,TDC_PHD.FI_20007_max,TDC_PHD.TIC_40401_std,TDC_PHD.TI_25202_min,prop_Densidad corregida a 15 °C,TDC_PHD.TI_25405_min,prop_50% m/m,TDC_PHD.FIC_20209_mean,TDC_PHD.TI_40135_max,prop_70% m/m,TDC_PHD.TI_40131_min,TDC_PHD.FI_40401_mean,prop_Niquel,TDC_PHD.FIC_20209_std,TDC_PHD.FIC_25511_min,TDC_PHD.FI_40401_max,TDC_PHD.ZI_25501_min,TDC_PHD.TI_40134_min,TDC_PHD.TI_25205_min,prop_Nitrógeno final,TDC_PHD.TI_40135_min,prop_FBP (99.5% m/m),TDC_PHD.ZI_25201_mean,prop_Niquel + Vanadio,TDC_PHD.TIC_40401_max,TDC_PHD.TI_25202_std,TDC_PHD.FI_20007_min,TDC_PHD.FIC_40402_std,prop_Densidad a 15ºC,TDC_PHD.TI_40134_mean,TDC_PHD.FIC_10520_min,TDC_PHD.FIC_10520_max,TDC_PHD.FIC_25108_std,prop_90% m/m,TDC_PHD.FIC_25108_mean,prop_30% m/m,prop_Residuo Carbonoso,TDC_PHD.FIC_25511_mean,TDC_PHD.TI_40134_std,TDC_PHD.ZI_25501_mean,prop_10% m/m,prop_95% m/m,TDC_PHD.TI_40135_std,TDC_PHD.ZI_25501_max,TDC_PHD.FIC_40402_mean,prop_60% m/m,TDC_PHD.PIC_40401_std,TDC_PHD.FIC_25511_max,TDC_PHD.FI_40401_std,TDC_PHD.FIC_25108_max,prop_20% m/m,TDC_PHD.PIC_40401_mean,TDC_PHD.TIC_20002_mean,TDC_PHD.TIC_20002_max,prop_Azufre (% peso),TDC_PHD.TI_40131_std,TDC_PHD.PIC_40401_max,TDC_PHD.TIC_40401_mean,TDC_PHD.TI_25205_mean,prop_IBP (0.5% m/m),TDC_PHD.FI_20007_std,TDC_PHD.TI_40135_mean,TDC_PHD.TI_25205_max
2024-06-21 23:00:00,5873.03,25.0,1.0,9.93738,709.14485,34.595828833333336,96.41579,63.356496166666666,,2.016067716807431,21.50552,791.19824,39.24535,,,699.2334936666666,520.66004,0.0,,27.65282,881.94292,6.292082257193271,,0.9760900454745357,,,34.85468,21.9187,53.58598,7.810637563361745,,516.751416,0.0,,8.290206019919118,1.9319967083840615,25.7942,194.78155,23.25149,63.86231,0.3076247943400674,494.46658,,697.23779,,22.7279655,38.80598,,34.49052,2465.534091,,0.19683494149835537,243.00292,2659.1375,47.21733,39.01852,492.85425,,38.51937,,47.64866816666667,,98.77267,5.5145455992325205,62.98455,0.382989148013235,,39.11872616666667,0.0,0.0,3.392068679361883,,901.2161315,,,300.2652355,0.06676785040547792,55.94184166666666,,,0.05944521088011903,57.74493,26.050865833333333,,0.37753931164876736,310.74843,407.80335861783993,903.95917,,11.500659333333333,196.40033966666667,197.76806,,0.04898626158464801,11.69328,97.01164566666667,525.2160528333333,,0.21885435145197044,38.65042183333333,532.02197
2024-06-22 23:00:00,5817.66,26.9,1.0,11.95097,688.66837,30.093143,95.45698,65.87413016666667,,0.9683733094740358,23.75733,2076.87888,38.73911,,,687.1458521666666,517.8333,0.0,,25.41378,900.6097,1.0180677717347975,,0.3580676635374721,,,30.27588,59.75901,64.0748,2.1131731391739637,,514.8662153333333,0.0,,2.8457371288379805,0.8492617581731123,25.0515,197.14513,24.16377,67.11155,0.2581452144207947,510.96906,,684.59045,,23.993152333333335,31.85202,,29.96811,2161.5304641666667,,0.11540127479786128,297.84277,2251.54971,54.73192,37.64241,517.92442,,31.65991,,61.80988083333333,,96.76161,1.5863227368740773,63.80437,0.0818454023535379,,38.13975383333333,0.0,0.0,0.7738929640601563,,902.2345755,,,304.84150066666666,0.28014309433823215,56.78239,,,0.046129692392494426,58.79885,25.224531833333334,,0.020856055725465675,310.554,41.66541493621214,903.86458,,12.0005215,198.03856,198.79568,,0.09572900816579541,12.04378,95.97114733333333,523.4513058333333,,0.6455858690262745,31.76120866666667,527.87156
2024-06-23 23:00:00,5965.5599999999995,24.9,1.0,11.97038,689.41382,26.219250666666667,97.26455,65.78842716666666,,0.6274178054614471,22.9943,2136.36537,32.03449,,,687.5573231666666,519.03682,0.0,,24.66433,895.65121,0.9368812744666148,,0.307392493878931,,,26.34604,63.7397,67.97794,1.8041638319232234,,515.2038283333334,0.0,,2.9481298380602894,0.8881272269820057,23.88389,199.82969,23.2819,66.38616,0.09682862476144205,512.64553,,685.88389,,23.109126333333332,29.57366,,26.0783,2191.198444666667,,0.056687003202592005,298.11583,2278.2135,57.70847,31.68873,519.89193,,29.35233,,65.6546725,,97.66077,1.2430090853523021,65.12209,0.16153831842071917,,31.8766245,0.0,0.0,0.7947335050495963,,897.4473730000001,,,304.8395428333333,0.09407409082288758,60.04005033333333,,,0.05177525216774682,61.61392,24.232927333333333,,0.017996092494893205,311.36348,29.87152654942147,898.79731,,11.999322000000001,200.26940466666667,200.8261,,0.0716250236280442,12.05162,97.49126883333334,523.5467006666667,,0.2817826891032791,29.463925500000002,528.49335
2024-06-24 23:00:00,5558.62,29.8,1.0,11.94863,689.22599,26.593227333333335,95.19562,63.83977983333333,,0.7444171353711622,20.71167,2301.62103,31.19873,,,687.6081521666667,519.61908,0.0,,23.5034,899.47845,2.881684697799273,,0.2974804851162087,,,26.73188,50.14354,62.07056,1.8485037427876034,,515.8720930000001,0.0,,1.4425357727184003,0.820500495964681,22.3573,193.81853,20.83098,64.86456,0.19766043194281185,513.54684,,685.68719,,20.77562483333333,30.00658,,26.34604,2417.645837333333,,0.02707635934842327,302.18286,2515.6311,57.84332,30.63164,520.8353,,29.84786,,55.90102983333334,,95.94916,1.2523349664503818,62.96738,0.29041268959192695,,30.919976166666668,0.0,0.0,0.938247679272413,,900.987289,,,304.77061349999997,0.15259080567511538,59.890508833333335,,,0.0392882611883416,61.13298,22.984949500000003,,0.028874622865931197,308.30295,42.473027899504956,903.06726,,12.003735333333333,194.30337766666668,194.81749,,0.11608979126880946,12.07901,95.52292366666667,524.1590313333334,,0.4207248266918468,29.936041499999998,529.44012
2024-06-25 23:00:00,5196.79,31.8,1.0,11.92381,681.5635,25.643652333333332,94.51351,46.918316499999996,,1.2025872394551775,20.23882,2518.14311,10.95498,,,678.3707111666666,519.44129,0.0,,22.95636,895.63689,3.046945818604937,,0.17228445072819285,,,25.98904,50.93991,64.72301,2.4307359839548197,,515.2825778333333,0.0,,1.6193972447311502,1.5345987991556076,20.9804,194.26769,20.48023,60.83198,0.1713003864371914,512.54102,,674.823,,20.362792833333334,33.77147,,25.38092,2665.7392658333333,,0.06781036934084025,301.98472,2793.40338,53.86552,9.59529,518.51764,,33.27509,,58.87525333333333,,95.31369,1.6246491784153656,41.72072,0.597557315493077,,10.105345166666666,0.0,0.0,0.9109412000808131,,897.3017476666666,,,304.7906166666667,0.48892757637920237,57.3388275,,,0.1398793031672192,59.34809,21.91114083333333,,0.03292345315036976,308.97435,67.42792209499396,899.35181,,12.002964333333333,194.60261,194.82877,,0.20526463797070005,12.081,94.98332116666667,523.0163676666666,,4.514848668671654,33.62061216666667,528.06607
2024-06-26 23:00:00,6130.25,30.3,1.0,11.9124,729.58386,26.337586666666667,95.7606,69.16357083333334,,1.9701477688109081,20.29697,3293.39609,35.57313,,,724.871868,524.24178,0.0,,23.20097,891.07562,2.0189888910618556,,1.0345178252021356,,,26.64749,42.02646,52.08295,2.9497007828952495,,520.6596761666667,0.0,,2.2213732177797962,2.643954621057125,20.96228,215.84677,23.04619,70.25563,0.39007970424175026,516.87335,,720.37862,,21.082311166666667,27.42607,,26.00834,3549.866410666667,,0.7579640994899232,298.53309,3864.03676,45.95854,34.46177,523.54971,,27.15616,,46.743904,,97.09923,2.042404168305637,68.22968,0.5637118149618134,,34.98358066666666,0.0,0.0,2.9941868134326204,,897.6023218333333,,,303.03854866666666,0.38261199891639824,51.19619049999999,,,0.08176390456139195,55.1492,22.0500475,,0.0425768608873717,307.50967,114.17863266883768,902.04657,,12.014769833333334,217.24547633333333,218.87245,,0.19328706789596645,12.12442,96.44745616666667,530.5061926666666,,0.46317705616784516,27.308069166666666,536.7914
2024-06-27 23:00:00,5458.360000000001,31.7,1.0,11.93181,683.95277,32.08777766666667,92.08898,68.151135,,1.1498647783443239,17.66728,3529.71162,33.04242,,,682.2047431666667,519.3349,0.0,,24.4064,895.94395,2.1903379507522125,,0.3911387096082393,,,32.23614,57.39421,65.84869,2.3647275310209612,,515.2056855,0.0,,2.198801463507981,1.1927860377718096,23.79989,198.64406,18.0649,68.68681,0.6674435225668712,512.19373,,678.86527,,17.875301333333333,35.37201,,31.8136,3701.3945915,,0.10707149940405833,296.48885,3908.08203,63.59096,32.58175,518.86609,,35.07505,,62.054387166666665,,94.30215,1.724109065167017,67.84767,0.15313544086936193,,32.817417166666665,0.0,0.0,0.9536514130585931,,897.5604413333333,,,301.8355615,0.12388181858764763,66.03849333333334,,,0.08301863150696714,68.04392,24.058301500000002,,0.027913013203552297,306.86035,93.1520586087802,899.38066,,11.996637,199.3476555,200.10196,,0.12598641678690042,12.0484,93.66836733333334,522.9329766666666,,0.14978322071739256,35.172763,528.05034
2024-06-28 23:00:00,5812.97,32.1,1.0,11.95041,703.95931,27.788753666666665,92.6985,50.738458666666666,,0.6507136988956671,23.03577,3095.73682,30.39127,,,702.3365731666667,517.3002,0.0,,24.34748,898.08839,1.133929857045529,,0.2645223558869104,,,28.08134,63.83982,69.73794,1.4702912380192008,,515.2399161666667,0.0,,1.4260826898179373,0.937397914207724,23.7074,204.43813,23.50795,69.15681,0.13431884843808675,513.36889,,699.62388,,23.212255333333335,31.35248,,27.54414,3197.115788833333,,0.11705266871126552,301.68463,3291.29089,58.73692,29.94406,521.04622,,30.92002,,67.70709916666667,,93.34068,1.1271902332041515,35.57421,0.1227649273893864,,30.0987945,0.0,0.0,0.8885753082979699,,900.4194118333332,,,304.7568198333333,0.08064570873291274,60.08114316666667,,,0.12433832118787162,61.1434,23.933207166666666,,0.019913667835601254,308.04483,46.1509095603314,901.82036,,11.998648333333334,205.06599233333333,205.32372,,0.14830348500387303,12.03895,92.99254016666667,523.6381015000001,,8.714167089471726,31.093018333333337,527.41743
2024-06-29 23:00:00,5729.06,35.2,1.0,11.96237,707.73248,28.09891533333333,92.18795,68.03220416666666,,0.626872242812057,20.52006,3310.19971,30.55473,,,706.298158,518.77746,0.0,,24.38653,898.90453,2.008967666153503,,0.09686900697774946,,,28.30289,47.77526,56.82181,1.113897523642965,,515.4953646666667,0.0,,2.5598742605758225,0.6598735798564,23.38717,205.27392,21.88299,68.45073,0.38034505802158475,514.06752,,704.67069,,21.303641000000002,30.96808,,27.87901,3396.0769481666666,,0.45912347120632124,299.1458,3558.9812,58.4649,30.11479,522.09772,,30.50666,,52.3384315,,93.70123,0.8590101833998601,67.53863,0.27051663008938276,,30.317864666666665,0.0,0.0,0.6962593910001145,,900.4674696666666,,,305.525762,0.11645176982982007,60.4599295,,,0.14549452633267285,61.4131,23.978440999999997,,0.025751755450557343,310.22305,55.15874047029026,901.87534,,11.998942166666666,205.49333583333333,205.66589,,0.12421271052440325,12.07571,92.99085749999999,524.1256218333333,,0.1736147663337577,30.781320666666666,526.97511
2024-06-30 23:00:00,5438.84,34.6,1.0,11.94332,712.60935,30.170689,92.7347,68.11143166666666,,0.9070862288060447,18.41562,3718.89511,30.04506,,,710.880982,520.15186,0.0,,24.58417,899.6801,2.9047489609217796,,0.11097571829532271,,,30.23741,44.88668,58.91286,1.959441748266382,,517.0451343333333,0.0,,2.091648415399294,0.9694216938259375,23.59039,207.25752,18.70717,68.47005,0.15259611754470145,514.55015,,707.63979,,18.6055685,39.35994,,30.08353,3896.101766,,0.08046240370245492,300.45011,4066.28181,58.00537,29.76609,521.99128,,39.09254,,51.50629366666667,,93.34272,1.408751398430828,67.71461,0.25851156300942485,,29.936962166666667,0.0,0.0,0.46658670039774275,,900.6781001666666,,,305.63453533333336,0.07526122550634871,60.4626595,,,0.08031387670428666,61.76498,24.011491499999998,,0.03156069671024624,309.94113,69.07929390761755,901.82865,,12.000918333333335,207.49439283333334,207.64217,,0.04122252106617085,12.10087,93.00968466666667,525.8041281666667,,0.1732602872937335,39.1974745,530.85477
2024-07-01 23:00:00,5525.92,36.8,1.0,11.93103,700.63049,33.82741083333333,92.62296,73.71858316666666,,0.7306945448098016,18.74569,4087.10764,32.15932,,,696.8429496666666,523.43483,0.0,,24.86218,899.5392,1.0432272474239135,,0.09490765290116823,,,33.95367,66.74866,71.78211,2.039954251936189,,520.4652570000001,0.0,,2.3514059707674937,1.4715504976309235,23.65473,189.52036,19.26103,84.91797,0.17750658694740662,517.94011,,693.75134,,19.090877,38.17535,,33.7427,4281.147295,,0.10142100219265637,300.23276,4459.12939,62.65395,31.83281,524.62292,,37.90771,,69.94711133333334,,93.44696,1.21858736300922,67.23388,0.299618429457524,,31.96318,0.0,0.0,0.885583625662646,,902.3746741666668,,,305.75803483333334,0.0811871815255814,64.29645433333333,,,0.07589263368581196,65.73294,24.060351500000003,,0.03573212257519587,309.09523,73.76127831527481,904.31423,,11.997716,189.75882066666665,189.94328,,0.05373144984721432,12.142,93.00605066666667,528.9781019999999,,6.70026996633073,38.03671383333334,534.60912
2024-07-02 23:00:00,5383.04,37.7,1.0,11.94643,696.56903,33.03114266666667,92.61379,58.02086433333333,,0.7827163777266856,18.83269,4100.22192,31.23477,,,694.5430271666667,523.51438,0.0,,30.36991,899.92038,1.031316295826498,,0.2047593410929724,,,33.14797,65.82091,71.77574,1.432454103910508,,519.5456525000001,0.0,,1.6815324974177073,1.0679001131050554,29.72938,194.84158,19.05645,72.20645,0.19399617377051784,518.13562,,692.22066,,18.966325333333334,34.69178,,32.93447,4223.408178166666,,0.05029596450660597,301.04489,4425.83969,63.35251,30.81429,525.63531,,34.46177,,69.30964,,93.37946,0.9552240400007237,45.77833,0.1316551631774129,,31.022621166666667,0.0,0.0,0.47329611563972096,,900.8820118333333,,,304.93048400000004,0.11572890774757437,66.70944666666666,,,0.05908655382973524,68.1863,30.025610500000003,,0.028625386711423433,309.03233,69.05982029599713,901.80105,,12.000904833333333,195.28282750000002,195.62703,,0.05813022195582673,12.09434,92.97140616666667,527.8370003333333,,7.730778495107384,34.578976499999996,533.0557
2024-07-03 23:00:00,5578.71,38.5,1.0,11.9413,701.93911,31.544537833333333,92.11599,69.59233183333335,,0.5276205841048935,19.30059,3921.57632,31.1603,,,699.5114301666667,527.41742,0.0,,30.55124,900.75319,1.4303876227628707,,0.3586541608613431,,,31.89043,67.45069,73.69201,2.360434616776949,,520.2533616666667,0.0,,2.346976511397609,1.314835934260195,29.38971,186.46119,19.55819,86.54473,0.23479880055925878,517.29806,,696.47345,,19.419758166666668,35.00799,,31.23717,4076.086219166667,,0.07071966929641962,295.86991,4449.94592,63.28364,30.36002,524.30383,,34.42343,,71.043866,,93.24564,1.6075497823002387,7.58871,0.2774510021910832,,30.647003833333333,0.0,0.0,0.8143725753928228,,903.0393284999999,,,303.5547643333333,0.2356612656457066,64.850035,,,0.1753269124071924,66.7747,29.961079666666667,,0.034805223495890214,309.98679,88.66948591555415,904.28473,,11.997302666666666,187.00086449999998,187.63313,,0.1844912313206478,12.1648,92.465795,528.4058958333334,,14.851507601289883,34.723914,538.11176
2024-07-04 23:00:00,5458.98,38.8,1.0,11.91316,709.18011,30.811127,92.09409,67.38360783333333,,1.1468210461234778,18.8749,4073.14258,30.31194,,,707.2386903333334,526.63175,0.0,,30.49543,900.61508,1.3705787986690152,,0.2483065867025633,,,30.92724,61.10057,66.97495,2.601214266199693,,520.5953025,0.0,,1.5467847593481052,1.2708186526974656,29.28767,199.10561,19.21453,67.7468,0.21774748791425408,517.48904,,704.44351,,19.012124333333336,37.793,,30.73739,4243.1244835,,0.07324666402692606,301.34775,4560.69403,61.81938,30.04506,524.554,,37.44878,,64.88271516666667,,93.05129,1.8525595962147776,67.1137,0.317882988364959,,30.162873833333332,0.0,0.0,0.7087370959519574,,902.4119925,,,304.911529,0.06654261471562302,64.40374566666667,,,0.07827405118636033,67.0716,29.952711166666667,,0.047957860028686294,307.70221,108.67173169235095,904.50928,,11.998487333333333,199.92312366666664,200.37121,,0.04883961702191584,12.1197,92.52194549999999,528.8514185,,0.13225970160297099,37.587869166666664,536.21328
2024-07-05 23:00:00,5512.88,37.5,1.0,11.90541,709.13226,29.689281,91.90567,67.46870066666666,,0.9817669813657312,18.57475,4310.5206,29.33309,,,706.550321,529.10143,0.0,,30.51809,897.55085,1.1807126794983716,,0.1175610320666,,,29.77571,61.9386,69.16265,4.0477378383416935,,522.5197866666666,0.0,,3.056889912023097,1.5169406525062308,29.16708,209.98611,18.92269,67.78114,0.25866712845627277,517.50463,,703.08355,,18.752612833333334,36.10452,,29.58328,4632.294311166666,,0.08958581972179491,301.79605,5040.83456,62.68694,29.04433,524.69382,,35.87954,,67.01898150000001,,93.06772,2.7051835404611526,67.20169,0.2996142309476095,,29.185909166666665,0.0,0.0,0.9935367610721468,,899.4715348333334,,,305.7861745,0.06864536063407155,65.02390316666667,,,0.04810367590050891,67.7748,29.954740333333334,,0.05756334180782715,311.35361,162.58262551134922,901.86882,,12.004385500000001,210.32551066666667,210.53097,,0.046048706700770756,12.13752,92.51506049999999,532.017136,,0.12813151254871963,36.00244566666667,541.17448
2024-07-06 23:00:00,5401.23,39.7,1.0,11.98576,710.1914,31.264306666666666,92.06876,67.4398365,,1.1039743562552697,17.59199,4105.85275,31.5062,,,707.8911851666667,526.33298,0.0,,30.47432,901.20527,1.1242972800423983,,0.3234479822932663,,,31.53983,59.64441,64.92557,3.3402438712470826,,521.3086721666666,0.0,,1.5960374198480969,1.4313949571925308,29.39825,210.12224,18.09718,67.79617,0.22504765317192896,516.74468,,705.1729,,17.808012166666668,35.80295,,30.88158,4427.339040000001,,0.11020297469133489,300.15848,4788.01733,61.34943,30.85274,522.95591,,35.38158,,62.541093333333336,,92.92901,2.1545753106929637,67.04932,0.27332962574466374,,31.201799833333332,0.0,0.0,0.8685827792427174,,902.6269778333334,,,305.52045350000003,0.2082181743682844,63.9165095,,,0.14040813081104744,66.5594,30.014947666666668,,0.05410259766834953,309.57288,153.40724427273017,904.42452,,12.093620333333332,210.5221375,211.22286,,0.1670143263688153,12.19498,92.49851533333334,530.0244783333334,,0.17485204666556192,35.61549566666667,537.60072
2024-07-07 23:00:00,5401.94,39.3,1.0,12.01331,713.22892,26.866318333333332,92.08176,63.158420166666666,,0.6185747441002806,19.42323,3772.5535,27.15616,,,711.1584555000001,526.38389,0.0,,30.5368,900.99007,1.039504450150654,,0.4859271936916256,,,27.07902,65.53906,70.11008,2.289985866436964,,521.5490596666666,0.0,,2.9114622168316617,1.1853584794532415,29.58666,201.65207,19.75106,63.4567,0.2534454927153176,518.53985,,708.75538,,19.605052666666666,34.9505,,26.61614,3915.7736271666668,,0.07739419664370187,297.25535,4166.27197,59.24796,26.6933,526.9928,,34.65345,,68.40947016666668,,93.10522,1.5122392069198618,62.82144,0.26551730504851523,,26.96443833333333,0.0,0.0,0.9793482970899356,,904.1280435,,,303.724347,0.12475648663094903,61.0846205,,,0.06025308739891558,62.47453,30.085576666666668,,0.037248327955496444,309.42139,85.04553206011128,905.73546,,12.100586333333332,202.55952733333334,203.2498,,0.15836476572866193,12.18829,92.52733549999999,530.6841226666667,,0.12497797041799825,34.7610175,539.71956
2024-07-08 23:00:00,5156.26,43.7,1.0,12.15406,697.17211,26.868419166666666,92.05268,64.64951266666667,,0.9848041249175076,20.26212,3629.4305,28.81328,,,694.9635095,521.56979,0.0,,32.02377,895.02766,1.6885126076434043,,0.14391485892932462,,,26.92475,62.32464,70.81905,1.771846637105497,,518.5745736666667,0.0,,1.2954154905442148,0.9687309335018945,31.4977,190.70555,20.42562,64.96757,0.19829303108767882,516.9469,,692.98743,,20.342473,34.87385,,26.80903,3738.1884103333336,,0.0356105795696752,301.1804,3898.91772,67.16478,28.54367,524.82449,,34.73011,,65.29624766666667,,92.80628,1.0968894249850303,64.31515,0.13591983698609977,,28.704439666666666,0.0,0.0,1.6224772621738797,,898.35854,,,304.34385733333335,0.08085518825458067,69.59399283333333,,,0.04286663367863328,71.71555,31.76127466666667,,0.027376212493335283,306.96832,67.66336674896661,902.55613,,12.198428833333333,190.92431116666666,191.44009,,0.033988388460490154,12.27891,92.51193183333334,527.4931631666667,,0.158519807208796,34.799188666666666,532.16339
2024-07-09 23:00:00,5406.64,41.2,1.0,12.2491,704.61092,27.768765,92.02634,64.7695895,,1.4504583874591954,21.03587,3622.57547,28.23547,,,703.1123258333333,524.17296,0.0,,32.52014,895.86075,2.968985317913258,,0.5171764506366097,,,27.88865,52.26468,69.18349,1.8576315323651296,,520.9543325,0.0,,2.3511896826899457,0.8067115799789139,32.10559,198.19905,21.19421,65.05342,0.2879821850590942,518.18668,,701.59547,,21.120581833333333,35.10619,,27.7152,3753.209399,,0.04105271123776858,299.3643,3884.71558,63.49778,27.97055,527.05038,,34.92176,,61.6820145,,92.93412,1.1327949365529748,64.53619,0.1009931052402767,,28.074151166666663,0.0,0.0,0.8134141689892457,,898.0096983333333,,,304.86952766666667,0.0633528678491945,66.04435866666667,,,0.036109594672734294,68.9896,32.32555583333333,,0.03142748475899472,308.51596,65.69153886726336,899.32367,,12.298206833333333,199.27999866666667,199.9615,,0.035049992166152705,12.36518,92.52029933333333,530.8381936666667,,0.13652392150760126,34.985392166666664,537.54731
2024-07-10 23:00:00,5407.35,43.4,1.0,12.15825,702.08851,26.77117433333333,92.16546,64.917351,,2.139291374049441,21.42286,3241.05782,30.84794,,,699.7642378333334,526.46148,0.0,,31.26298,907.4722,3.984078533098254,,0.9140164117513826,,,26.92475,51.80283,69.06369,4.150132796110022,,521.912283,0.0,,1.5423799953994464,1.126745205374371,30.09679,197.88104,21.73319,65.30666,0.2194926815618465,515.55756,,696.76007,,21.5881645,31.04497,,26.61614,3554.219194166667,,0.0781431938852843,301.57867,3822.32397,56.73384,29.66026,521.89364,,30.8167,,60.2741485,,93.16772,2.7027246429836476,64.60917,0.31102895516724666,,29.958174666666665,0.0,0.0,1.7975409031367682,,910.327758,,,305.0159113333333,0.28156771518673707,60.79381416666667,,,0.05495595215600279,64.73458,30.659909666666668,,0.06013674352208198,308.25967,133.36501043545502,914.50993,,12.292408499999999,199.16083683333332,200.72523,,0.08897112076430451,12.39374,92.50450133333334,531.5253766666667,,0.1583383254750303,30.9294765,538.87875
2024-07-11 23:00:00,5292.070000000001,42.5,1.0,12.22869,705.14902,26.646436333333334,92.63001,64.85636616666666,,2.5419616381904255,19.72294,3625.2113,26.75116,,,702.6528698333333,525.32079,0.0,,31.85441,902.78102,3.56938481318164,,2.6594973121221814,,,26.83796,52.40184,67.68335,2.5100311143094363,,520.519598,0.0,,0.9380289693166904,0.891654533470912,30.77471,199.04239,19.98628,65.14355,0.23747667275056408,517.70688,,701.20404,,19.85098833333333,32.35136,,26.46181,3760.0805213333338,,0.060256962750267,303.89488,3956.4393,58.67441,26.43287,526.50131,,32.08971,,59.32725333333334,,93.58124,1.709898676007695,64.48899,0.21779686008356566,,26.59930016666667,0.0,0.0,0.6259173818577713,,903.9626603333332,,,305.7264665,0.06435417683602991,64.09913566666667,,,0.050982472660034674,69.98796,31.465307666666668,,0.03777452594085734,308.11056,79.88066674415658,905.31927,,12.299936333333333,201.39493750000003,205.12092,,0.11675853027983714,12.41202,93.016169,530.3214695,,0.14524635975007635,32.217013666666666,537.40888
2024-07-12 23:00:00,5377.52,40.2,1.0,12.22278,700.61854,28.072563333333335,92.57926,65.03131016666666,,2.593933485973743,18.62041,3967.15437,27.87901,,,698.6412931666667,530.70042,0.0,,32.16919,906.27956,3.7415227860687295,,0.8378081398726338,,,28.54367,55.78641,71.68777,2.9877243334313732,,526.149921,0.0,,1.3736232590962638,0.8157444774747151,30.59899,202.34546,18.9143,65.27661,0.1848007862350922,522.9538,,696.94517,,18.793753499999998,33.27269,,27.65738,4132.113299333333,,0.08672350663342267,301.33183,4330.73611,60.29841,27.27184,531.73913,,32.70653,,64.78418216666667,,93.40055,1.9708668332072274,64.77012,0.4274203281932811,,27.534173333333335,0.0,0.0,0.9072009838116497,,908.3884768333334,,,304.4540845,0.15824178611683443,65.95743816666666,,,0.19105259131571328,73.409,31.273458833333333,,0.043961119818288846,307.1932,100.09464679679675,910.08978,,12.3018295,203.41194066666668,204.69724,,0.2556676955967454,12.41055,93.03393366666666,536.3258248333334,,0.12377887019500117,32.986110833333335,543.27158
2024-07-13 23:00:00,5440.59,39.5,1.0,12.21428,705.72299,29.216984500000002,90.12094,64.90404483333333,,3.08502428925079,17.25752,4130.94614,27.81157,,,703.4044925,528.23003,0.0,,32.70553,880.67543,3.102739451418576,,0.40033773336288425,,,29.92963,55.35698,67.67699,2.164555732455413,,525.2997191666667,0.0,,2.4657887337753124,1.239882077630378,23.79743,199.39175,21.45219,65.15214,0.9936630404734486,522.65885,,701.21002,,19.201655333333335,33.04242,,27.04769,4313.979189166666,,1.6248322429939557,297.11655,4651.06805,59.63342,26.80903,531.88055,,32.55055,,62.070428500000006,,94.73643,1.4793329294941504,64.64351,3.03051231215451,,27.2657855,0.0,0.0,6.879380287557588,,891.1658625,,,301.1583596666667,0.2759856158400188,65.16620066666667,,,0.14005649683071647,72.36781,30.2416745,,0.04774407735358007,306.85421,128.20783195586623,904.23352,,12.307237833333334,200.14538133333332,200.71858,,0.9622722811867889,12.42754,92.00834266666668,536.0169283333333,,0.12321060425818126,32.8134185,540.21329
2024-07-14 23:00:00,5251.51,40.1,1.0,11.91556,702.45005,30.733300166666666,92.18652,64.66357116666667,,2.954106859134368,16.23421,3972.04356,29.35474,,,700.1966241666667,528.39157,0.0,,30.9304,898.56991,3.1177036734215964,,0.21200961333410037,,,30.95847,57.55684,71.14258,2.013599522749746,,524.4490898333333,0.0,,0.942056168317322,1.4767455130074103,30.07031,201.90405,17.40189,65.07917,0.12544395271502515,521.78946,,696.84369,,17.193578333333335,33.73311,,30.62203,4207.211068,,0.23137517965392726,303.34447,4426.59766,61.62029,28.8903,530.89056,,33.38781,,64.9259775,,92.74369,1.278458666309823,64.21213,0.2293072642798867,,29.094825500000002,0.0,0.0,0.9328549484140577,,900.2436441666666,,,306.0387671666667,0.11479578937865229,67.28000516666667,,,0.1062285031146707,72.59179,30.465254,,0.04692619281839708,308.36145,98.04150364824112,902.10706,,11.999887333333334,202.25911883333336,202.58683,,0.08592545861940454,12.10973,92.47413533333334,534.855853,,0.1552102974271636,33.5662635,540.9266
2024-07-15 23:00:00,5372.51,40.5,1.0,12.14573,710.93941,31.563613666666665,91.2971,65.26856416666666,,1.2186948425015915,17.82476,4033.27089,29.35233,,,709.526909,525.67073,0.0,,30.72166,895.34734,2.479976254401145,,0.3782964072351336,,,31.89043,54.78285,64.83644,1.5235119132078903,,523.930208,0.0,,0.8050431951280704,0.5745824178603045,29.37435,193.02021,18.44404,65.62,0.10453686427260496,522.17542,,708.37854,,18.1257185,34.61512,,31.02575,4110.807414166667,,0.16268821451408394,302.91105,4247.004,59.37066,29.08284,532.79956,,34.09749,,60.65559716666667,,91.72726,0.8692819441565812,64.96328,0.28487952631735775,,29.217868833333334,0.0,0.0,0.7895046226272112,,896.9142583333334,,,304.8787781666667,0.09392703650574483,61.852044166666666,,,0.1488369597095934,64.02098,30.032109333333334,,0.025239125791802947,306.41774,42.6681746454153,898.19668,,12.201370666666666,193.57947133333334,194.1861,,0.2828265581227307,12.24783,91.4818925,535.5997753333334,,0.14390160633597296,34.309352,538.91375
2024-07-16 23:00:00,5090.4400000000005,46.9,1.0,12.44472,711.17879,31.732864333333332,91.07807,66.00486433333333,,1.8295477747122797,16.83664,3660.76904,33.34944,,,709.2301053333334,525.7572,0.0,,32.36666,897.42603,2.8127918323883687,,2.0243463639561345,,,31.96726,54.10686,65.39494,1.5698048849593351,,523.5141548333334,0.0,,1.5588709721379692,1.0270276134266176,31.10111,195.69003,17.5655,66.39474,0.17100099266538876,520.42697,,706.70374,,17.27094633333333,33.20074,,31.54463,3790.0011808333334,,0.1647129508452738,300.27719,3964.77808,56.4954,32.78331,531.16443,,32.27454,,60.570511333333336,,91.80134,0.9961118705764728,65.65004,0.3287988974016118,,32.98743733333333,0.0,0.0,0.8221778366546827,,898.9692395,,,302.5742605,0.12843117868016507,61.557012500000006,,,0.26691916068776633,65.15939,31.675408833333332,,0.027336637157365545,306.60544,62.406457540259254,900.62999,,12.496713333333334,197.8905505,201.75632,,0.1417744505007941,12.56188,91.441983,535.6560346666666,,0.1641306255557161,32.509529666666666,539.12738
2024-07-17 23:00:00,5282.51,45.1,1.0,12.45126,698.70697,27.225447499999998,91.203,66.55223500000001,,1.369975944395642,18.8487,3508.1936,31.31404,,,697.4279596666668,525.66185,0.0,,27.21592,897.93742,1.228982482339092,,0.48385604475783234,,,27.34896,64.95567,71.00658,1.47973001226323,,523.7633764999999,0.0,,0.9647748749024746,0.6348175189821715,26.63838,193.99808,19.4648,67.07292,0.0910380162697309,522.17542,,695.67345,,19.1842505,30.58357,,27.15616,3618.297975833333,,0.1919465552860647,305.08735,3689.5061,60.42689,31.12426,532.76422,,30.27588,,68.35213449999999,,91.66838,0.9653209067311668,66.01059,0.11925771140886475,,31.227400833333334,0.0,0.0,4.161108682265003,,901.9740556666667,,,307.016429,0.04258179667144525,63.938241,,,0.07127234931767003,66.93038,26.980264833333333,,0.026299536420481207,309.42432,38.99055599487266,908.16005,,12.500871,194.58238233333336,195.48862,,0.05213367513876688,12.54399,91.47193733333333,535.1827585,,0.16855271575426042,30.49796083333333,538.37838
2024-07-18 23:00:00,5270.759999999999,45.9,1.0,12.43881,698.90997,28.806100333333333,91.55453,65.84347516666666,,1.6671845967328762,16.73129,3543.20644,35.07505,,,696.7122295,525.93439,0.0,,26.67958,898.19165,1.7877085681998064,,0.3673996097969857,,,28.92882,65.19122,72.47083,1.7845516865513065,,523.7830911666666,0.0,,1.006506070817009,0.8920018612457,26.11829,194.60805,16.94188,66.13506,0.22761402445913048,521.07505,,693.73348,,16.816859333333333,32.12091,,28.69774,3640.7134605,,0.05316187747340533,300.75189,3731.06812,61.8952,34.58157,530.64509,,31.81359,,68.0001245,,92.54423,1.1139281096240017,65.41396,0.15257460309678342,,34.90937366666666,0.0,0.0,0.6833925207548093,,899.5613563333334,,,304.3649281666667,0.13984407216085828,65.81056883333333,,,0.07797005846644113,69.29461,26.401048166666666,,0.02508058529309224,306.25175,34.8454459351435,900.7149,,12.499711999999999,195.212087,195.90186,,0.07988468481307033,12.55893,92.00960316666666,535.0506138333334,,0.14072146250108936,31.981787166666667,538.56854
2024-07-19 23:00:00,5207.7699999999995,45.7,1.0,12.45157,694.99289,26.510922833333332,91.62115,65.93958583333333,,1.4389352324092908,18.00117,3433.47607,31.96246,,,693.3555645,525.79041,0.0,,28.30514,895.73834,0.9470181646126563,,0.15915510323712267,,,26.54862,69.60829,73.89052,1.7817512768764214,,523.557594,0.0,,0.9231253426325758,1.034783755786074,27.58589,193.78203,18.21057,66.27242,0.11978555091410781,520.7487,,690.64862,,18.129052166666668,28.35105,,26.46181,3518.1374720000003,,0.05633390865826349,303.51273,3625.46631,64.86307,31.51101,530.6514,,28.11987,,71.35857566666667,,92.20739,1.0833120153401645,65.36246,0.15721412592726403,,31.69964866666667,0.0,0.0,1.1276395726809434,,898.4707095,,,305.89696883333335,0.0992968982816754,68.51613416666667,,,0.0596962024078689,71.56623,27.874584333333335,,0.027025309574524273,308.67166,47.085332700887555,901.21379,,12.496256833333332,194.03466316666666,194.34682,,0.024661677475467363,12.54643,91.982273,534.5477903333333,,0.19722425680472366,28.285556666666665,538.34119
2024-07-20 23:00:00,5338.64,44.6,1.0,12.4571,704.45544,31.88263,90.67152,65.87465366666667,,1.3130232776944002,15.94268,3529.28331,39.89218,,,703.2477433333333,524.94202,0.0,,28.22651,898.92803,1.8703746364885665,,0.3234223118314718,,,31.92885,56.60709,66.71451,1.617949830994542,,522.8566241666666,0.0,,0.740811605597609,0.6262364843797632,27.70618,201.0863,16.06337,66.15223,0.1166094670734679,521.57204,,701.68213,,16.0000125,31.96726,,31.8136,3622.382698833333,,0.02788599470027468,303.86912,3763.95001,64.75599,39.47452,531.80988,,31.69833,,62.1752115,,91.14529,0.9295800995698275,65.37962,0.11824943769661209,,39.675925666666664,0.0,0.0,2.6399535859048426,,902.8349573333333,,,305.52038316666665,0.0720879986806674,68.23172233333334,,,0.0660083046059288,70.62807,27.985436166666666,,0.02281044103532427,307.05533,52.6742620099441,906.27443,,12.498390333333333,201.54666833333334,202.06203,,0.03655923032606064,12.55683,90.97542083333333,534.2230251666666,,0.1593619469812346,31.862539,538.02386
2024-07-21 23:00:00,5312.95,43.9,1.0,12.43218,700.10474,30.5519,91.60183,66.15326866666666,,1.5582963545677762,17.24703,3567.96194,38.82509,,,697.9874485,526.58983,0.0,,27.60843,899.62307,1.3455956441059214,,0.21411598635913204,,,30.85034,62.73613,69.02954,2.2043726189632418,,523.4450798333334,0.0,,0.7241717153875413,1.270299760587484,26.21923,199.80762,17.76941,66.44411,0.16632449512789158,520.71336,,695.13617,,17.444997333333333,31.12186,,30.28229,3635.9545978333335,,0.13603850723378116,302.57406,3758.99574,64.102,38.2518,529.95971,,30.77584,,66.46008933333333,,92.32495,1.4105319344271836,65.74661,0.3084643615646385,,38.64760033333334,0.0,0.0,1.3641846410744447,,901.9650991666666,,,304.01358766666664,0.16871780609882325,68.56980133333333,,,0.06981115925478575,71.29075,26.662012666666666,,0.026926914103469007,305.84661,40.82259811848527,904.33297,,12.5016055,200.32799083333333,200.70569,,0.1751918400119676,12.57039,91.99632866666667,534.421913,,0.13954838409410972,31.017018333333336,539.21089
2024-07-22 23:00:00,5452.01,42.3,1.0,12.43621,695.94807,32.43288,90.74358,65.987934,,1.7762129799565092,16.03893,3791.334,38.13712,,,694.6257156666667,526.6076,0.0,,29.57411,900.68512,1.2762075666339978,,0.6575426285605107,,,32.50496,66.45349,71.88628,1.9188156385926396,,523.9244666666667,0.0,,1.0012307581258397,0.9494575454497013,28.70386,198.98363,16.36837,66.54068,0.10917088965946359,521.79158,,692.29529,,16.263045166666664,34.23171,,32.35136,3894.765237166667,,0.06805253764285814,302.03958,4039.28882,65.60619,37.90771,531.72788,,34.07832,,68.96479683333334,,91.17042,1.1943597609593595,65.66292,0.1728912710526087,,38.06880116666667,0.0,0.0,0.7953231885119121,,901.9904631666667,,,304.2084911666667,0.04879764484771521,69.33605366666667,,,0.03478149431452559,72.28042,29.1389435,,0.02912741688815364,306.23886,56.46141483068484,903.97916,,12.500367,199.9824005,201.0462,,0.04429122727537715,12.55813,90.97403366666667,535.031918,,0.14755335676359016,34.13907583333333,539.25763
2024-07-23 23:00:00,5493.53,41.9,1.0,12.43776,695.10931,33.76451633333333,93.93955,69.82904950000001,,2.424964633998005,16.82179,4201.37766,24.91739,,,692.6733228333334,519.74998,0.0,,30.29715,899.94127,1.0335523449451918,,0.8379814803756274,,,33.92251,63.5707,68.62672,1.3479386513466638,,518.2695476666667,0.0,,1.4143758370628259,1.113028902204612,29.56624,197.35172,17.04324,70.15261,0.11167167545968282,515.77997,,690.5889,,16.940449666666666,34.42343,,33.61802,4295.734441333333,,0.048567329395725146,300.54341,4418.11572,62.59434,24.60827,525.68634,,34.34674,,66.364652,,94.41626,0.8769599977838815,69.39718,0.1705171401775255,,24.751525333333333,0.0,0.0,1.995957531245721,,903.6572030000001,,,304.78646349999997,0.06960255680250667,69.3584125,,,0.03319916700464417,73.86795,29.9908915,,0.02092105871393378,307.58661,44.344900614660816,907.0011,,12.4974065,198.51422499999998,200.27783,,0.08575320939720468,12.55438,94.15514983333333,529.2046691666667,,0.18484528920268073,34.37378183333333,531.52704
2024-07-24 23:00:00,5512.84,41.9,1.0,12.44997,695.04065,31.50629766666667,92.20161,69.63704216666666,,2.231078416955496,16.38486,4110.19028,24.60827,,,693.7345686666666,521.14606,0.0,,30.21457,900.92245,1.4156121267166857,,0.1344403856581186,,,31.89043,65.04306,71.36193,1.4588763859628338,,518.3469769999999,0.0,,0.8046409458069168,0.9224400020422288,28.7695,199.6411,17.89738,70.0217,0.44995408201064774,516.63354,,690.21906,,17.524095833333334,31.35248,,31.23717,4222.2709325,,0.46940110822662157,304.62876,4365.22461,63.45958,24.41503,527.23628,,31.08341,,68.51934666666666,,94.13038,0.997804575214837,69.09672,0.4085419319942513,,24.5069815,0.0,0.0,1.015423746912341,,903.4555838333333,,,306.50427433333334,0.05486412105436156,68.41583566666667,,,0.06969788814898906,72.55243,29.541834166666668,,0.019741775210105308,308.45699,81.7094074721875,905.42365,,12.496476166666667,199.83721916666667,200.09847,,0.2504738935708949,12.55171,93.2117165,529.6208356666667,,0.1713636838204368,31.30411333333333,534.00073
2024-07-25 11:00:00,5296.24,44.1,1.0,12.46324,692.80247,27.64637916666667,92.85231,69.61947966666666,,2.3125254854795907,19.80947,3970.88538,28.31253,,,691.1826068333334,520.2229,0.0,,29.06541,902.38787,1.030748373034147,,0.3801883530665614,,,27.73448,67.33783,72.23817,1.388957673155126,,517.9905431666667,0.0,,1.1016463143964488,1.0414136778184553,28.59956,197.83241,19.96046,69.98093,0.07884683928601921,516.24237,,689.12164,,19.885481000000002,31.90964,,27.54173,4028.4924765,,0.037122192672491235,303.38327,4091.08954,62.2465,28.0139,526.29756,,31.58306,,70.256814,,93.1687,0.9406758460006945,68.95078,0.09926604222142202,,28.17333616666667,0.0,0.0,0.919318740591321,,904.222721,,,305.6638726666667,0.07373728029562503,69.0225335,,,0.08660516529330323,74.51326,28.821651999999997,,0.02162898376094188,308.22464,27.56830696445681,906.08875,,12.500349333333332,198.356786,199.20399,,0.051332260259621836,12.55167,92.99975916666668,528.8674326666667,,0.2000619295640827,31.763647666666667,532.12805
2024-07-25 23:00:00,5326.01,45.1,1.0,12.46184,688.5968,27.494731,92.79293,64.315612,,2.0951898898408765,17.34044,3789.29883,28.9577,,,686.961615,521.12383,0.0,,28.81426,896.76349,2.101652255832964,,1.3722295729659364,,,27.61883,64.58237,73.31697,1.4639441533802868,,518.7411146666667,0.0,,1.2185333165495984,0.9540849521134097,28.44218,202.066,17.51586,64.73364,0.09926527751818859,516.71795,,685.01959,,17.436795833333335,32.68734,,27.34574,3812.1000381666668,,0.03771447172187089,301.75664,3887.67722,61.22442,28.73626,526.76464,,32.35376,,69.84230783333332,,93.19351,0.9393299464655886,63.93528,0.08409673995508637,,28.851139333333332,0.0,0.0,0.9445623626249419,,898.2937065,,,304.508801,0.06628161932666543,66.70674033333333,,,0.07693036439306897,70.7988,28.597946333333333,,0.015588200433930026,308.67552,17.796715266139365,901.18373,,12.501810666666668,204.88320883333333,206.72857,,0.0751557663292866,12.54636,92.9787525,529.9508135,,0.1793687870434097,32.550790666666664,533.49063
2024-07-26 23:00:00,5618.33,44.1,1.0,12.43047,699.41178,27.832559333333332,92.8658,69.42428883333334,,2.7286887969271643,18.75538,4069.73114,28.73385,,,696.8380406666668,521.99106,0.0,,29.33539,897.93512,1.343121832239197,,0.9961945305703721,,,27.96332,67.18388,72.94599,1.9557386355705921,,519.4212941666667,0.0,,0.8624872467475823,1.3355009725559652,28.36376,202.94221,19.22826,69.98092,0.09525917234347903,516.96025,,694.58696,,19.01625,32.42816,,27.55137,4146.431027333333,,0.1271530979380922,303.48989,4234.76245,59.99514,28.54367,526.97289,,32.21693,,69.71251716666667,,93.26331,1.3202358544263764,68.49795,0.21652983361069217,,28.583955166666666,0.0,0.0,0.6483567926629428,,900.2565589999999,,,304.7235166666667,0.03619625032043901,67.74208566666667,,,0.056518102804617255,72.73127,28.8239065,,0.0322133154957078,307.09579,44.528532002204265,901.58329,,12.501042833333335,205.868852,207.0188,,0.11002896738566072,12.56419,93.03539283333333,530.639399,,0.24422635431640494,32.30142666666667,534.6181
2024-07-27 23:00:00,5353.48,43.1,1.0,12.44895,695.27942,27.659387499999998,92.77915,69.2015805,,2.2141588734210207,19.51713,3770.93091,28.0717,,,693.5437820000001,519.23042,0.0,,28.5902,899.77551,1.0851347593611902,,0.22174551628786557,,,27.77302,69.37158,74.43281,1.3538542209326685,,517.1898423333333,0.0,,0.6440690491090276,0.9101488132275949,27.95635,194.78743,20.0629,69.58389,0.09226875799306417,514.9483,,691.74634,,19.812580166666667,32.27454,,27.50318,3867.887942833333,,0.17161931919311943,304.24984,3938.89445,62.42071,27.77302,524.95524,,32.0825,,71.95904583333332,,93.15822,0.8869622868434578,68.65891,0.12231543019880005,,27.937787,0.0,0.0,0.6903042892926536,,900.9322333333333,,,305.47151633333334,0.07785766363986063,67.12829366666666,,,0.05554639973458652,71.49794,28.336462166666667,,0.02423577708537943,306.65109,33.7842393038884,903.26122,,12.4980085,195.10186833333333,195.51454,,0.07524182186823146,12.5539,93.00684366666665,528.0723618333334,,0.17898155568665694,32.1807255,530.92581
2024-07-28 23:00:00,5355.21,45.9,1.0,12.44391,694.83771,27.753453166666667,92.85158,68.82618733333334,,2.053027277875279,18.78222,3902.99045,28.81088,,,691.523874,523.60286,0.0,,28.52819,896.54069,1.677377151923781,,1.035531329530612,,,28.11987,66.41066,76.48393,2.6971155717157824,,519.2482608333333,0.0,,0.806437614426714,1.305776042788012,28.02076,191.82901,19.53556,70.39083,0.18250853128763178,515.40194,,689.53914,,19.223322833333334,30.35521,,27.4333,4010.1146473333333,,0.2636716418622698,304.24134,4110.01001,68.27021,28.17767,524.46116,,29.66026,,69.992718,,93.71502,2.179262601574633,61.70331,0.11261001764890795,,28.444825833333333,0.0,0.0,0.7285163273519683,,898.2945146666666,,,305.58317266666666,0.1783130353923077,73.61420183333333,,,0.19779117526885936,77.81507,28.21635216666667,,0.025577735049340217,307.56505,49.795153245221904,900.10896,,12.5039745,193.37434249999998,195.66336,,0.19487756853193977,12.57215,93.43551266666667,529.5254275,,1.6520759482181493,30.042876,536.55959
2024-07-29 23:00:00,5566.35,41.3,1.0,12.42302,708.26184,28.915088333333337,93.24179,64.23107833333333,,1.6058711964542622,17.10693,3632.32886,29.15022,,,706.6429576666667,521.16149,0.0,,29.05547,897.99748,1.333390489612907,,0.3294172610251778,,,29.08284,61.88768,67.27822,1.6672961203895302,,519.0246673333334,0.0,,1.3533318202760543,1.1094954059366162,28.35607,209.41071,17.64042,64.60488,0.1120930242445761,516.76467,,702.99391,,17.356639166666664,34.88343,,28.65923,3752.0574103333333,,0.13439444086933822,375.52831,3879.13025,61.04037,28.85661,527.38014,,34.65585,,64.75408716666666,,93.8476,1.0136726376590055,63.86875,0.17913016269494775,,28.987082833333332,0.0,0.0,3.280862402778961,,904.406698,,,377.8000125,0.05865261518557564,65.42311049999999,,,0.0680887567021,68.2025,28.616654,,0.02891354362285087,380.32419,54.336120048809505,908.75175,,12.4991105,209.97459283333333,210.63087,,0.139642957770174,12.57861,93.49366933333334,531.3073086666667,,0.15677326226077928,34.7651435,535.01122
2024-07-30 23:00:00,5389.99,41.7,1.0,12.41877,699.47152,31.135109333333332,93.28969,64.5741965,,2.0343663748184446,16.97538,3898.24158,30.18932,,,697.8607888333333,526.52118,0.0,,29.80449,899.91405,1.1961874991739239,,0.6878409885806898,,,31.19873,65.22826,71.6189,1.9013537154643754,,523.322168,0.0,,0.6847247835975497,0.7961396964145839,28.94256,215.20673,17.17007,64.97186,0.11932680109634063,521.07507,,696.04957,,17.060162666666667,35.87954,,31.04497,3971.1788988333333,,0.051262691090626804,379.15745,4086.15398,64.91978,29.93203,531.90484,,35.64974,,68.62587616666666,,93.72964,1.2242126198164829,64.17136,0.16055628066688002,,30.0580795,0.0,0.0,1.1590373945552208,,901.5426791666666,,,380.7301046666667,0.0523291672703018,71.6593075,,,0.05000653038116747,75.3021,29.479458333333334,,0.034727778480519854,382.03732,54.060280112093636,904.51579,,12.496634666666667,216.3549175,217.48232,,0.045631550260855865,12.57123,93.47490666666666,535.361855,,0.15909180030671058,35.7501215,540.1626
2024-07-31 23:00:00,5529.41,40.4,1.0,12.42323,701.06067,34.63899283333333,94.79444,65.65211333333333,,1.9102321226683376,18.3276,3710.9537,33.88655,,,699.3668581666666,525.86554,0.0,,29.00473,897.12915,0.9072768277786252,,0.23681294580030085,,,34.80678,64.13152,68.84665,1.8985762214198152,,523.0630158333333,0.0,,0.8514052582725306,0.8770885060504121,28.2081,209.62527,18.57929,66.11575,0.11737737065841797,520.39149,,696.99893,,18.456004500000002,35.53482,,34.50011,3890.2276416666664,,0.07404412064060546,378.13928,4042.45346,68.8235,33.55088,529.97928,,35.26904,,65.88919283333333,,95.22513,1.2416907589718926,65.07059,0.1780944434348612,,33.724238166666666,0.0,0.0,0.571292752223106,,898.3783611666667,,,380.0540683333333,0.07552718862770905,73.0140815,,,0.07723608021134132,78.93207,28.603162,,0.0282380121537523,381.80542,68.36202571218234,899.97034,,12.505111333333334,209.93332883333332,210.50261,,0.07366339822189671,12.56706,94.98999616666667,534.0082150000001,,0.2195857366062386,35.38630183333333,538.182
2024-08-01 23:00:00,5600.06,39.5,1.0,12.46261,701.29971,31.5358235,94.87665,65.73634866666666,,1.903913171372606,18.85882,3712.49258,32.50496,,,699.7377488333333,525.94324,0.0,,29.64464,902.83908,1.054085852810064,,0.20557095493910205,,,31.62148,67.92296,72.32441,1.3665257255235415,,523.9436746666667,0.0,,0.9613056967392595,1.018826966077694,29.09128,209.8088,19.11012,66.10072,0.10625581752887345,520.76414,,697.3811,,18.963319666666667,34.8451,,31.46777,3759.192148,,0.05745006394552588,378.5468,3864.05933,61.02475,31.5062,530.48314,,34.69178,,69.7579065,,95.2936,0.8447789623858349,65.37962,0.14239572928155772,,31.98383,0.0,0.0,0.644833899115128,,904.4123516666666,,,380.57509216666665,0.45831838716503465,67.94888399999999,,,0.0424290759285759,71.40649,29.415439,,0.018977517054644275,382.54265,38.179179750894,905.85056,,12.499837000000001,210.250188,210.6693,,0.04179940721439235,12.54816,95.0474785,535.505941,,0.1667817757437127,34.7646135,538.67381
2024-08-02 23:00:00,5696.37,38.4,1.0,12.43623,700.56478,33.048737,94.82357,65.78299183333334,,1.7213486138708645,19.14333,3583.62099,34.07832,,,699.0553161666667,525.72177,0.0,,30.41563,898.08096,0.9282862775812466,,0.25032167435947333,,,33.13837,70.57483,74.64927,1.395306803813254,,523.8314045,0.0,,0.6181491300192966,0.7310609920718814,29.55856,204.55518,19.43711,66.20159,0.09966406300795723,522.0223,,697.24075,,19.348699333333332,35.49651,,33.00404,3657.928451333333,,0.054859754192454376,378.90252,3766.18622,63.69282,32.23613,532.57427,,35.38158,,72.26525633333334,,95.29005,0.8975118614681414,65.24227,0.17920047785448773,,33.61399566666667,0.0,0.0,0.5481812868792835,,899.5532696666667,,,380.0030976666667,0.5302315230268757,68.05522166666667,,,0.030741339029243225,71.50489,29.984936666666666,,0.030002080313465004,381.62152,45.11026699890464,901.05282,,12.5005485,205.15562366666666,205.45478,,0.01957779824361844,12.5552,95.026937,535.4719155,,0.184468113311719,35.43159033333333,538.6188
2024-08-03 23:00:00,5709.54,38.7,1.0,12.4217,706.0728,29.8335905,94.72316,65.42980966666667,,2.3259164153754237,18.62998,3534.25925,32.30815,,,704.7739528333333,525.84356,0.0,,30.29207,897.21689,0.9584416771975419,,0.42668338784070114,,,29.92963,68.50692,72.80477,1.370487091630823,,523.6636973333333,0.0,,0.9054714023868055,0.5879644008510366,29.6829,209.86142,19.04148,65.81958,0.17324414002946165,522.09556,,703.33766,,18.845061833333332,30.85274,,29.70115,3603.633773666667,,0.11056255673065526,376.78622,3680.95776,62.14002,32.12091,533.07343,,30.69894,,70.52505849999999,,95.47849,0.9626939362686008,65.01049,0.1098418188148977,,32.216573333333336,0.0,0.0,1.1959160525661232,,899.260309,,,379.0824255,0.04478979683549563,67.88317583333334,,,0.050669854221861585,71.24039,29.984804333333333,,0.02777971227576496,380.90188,33.043676163308476,901.24673,,12.501888333333333,210.70859466666667,211.31836,,0.04888279442985142,12.56022,95.00217383333333,535.1900176666667,,0.2046018773872713,30.7605805,538.1604
2024-08-04 23:00:00,5772.2,38.9,1.0,12.44317,705.60939,28.545876833333335,94.77755,65.34392916666667,,1.8428935599802003,20.98347,3390.25406,31.04738,,,704.5005865,526.96178,0.0,,30.46966,900.88937,0.9464018993807081,,0.182780949665343,,,28.6496,73.03455,77.48865,1.5213369461017947,,524.193,0.0,,0.436601136341336,0.5686317790437012,29.64573,209.7257,21.2618,65.73159,0.09462967787046843,522.64111,,703.09254,,21.134086833333335,30.04265,,28.42811,3469.8528801666666,,0.0659147170751002,380.50046,3533.91875,62.97863,30.77824,533.16822,,29.73723,,75.65587333333333,,95.22221,0.9456480902230013,65.0062,0.18296426682181421,,30.927272833333333,0.0,0.0,0.48794677879993703,,902.2663533333333,,,381.6432121666667,0.06122418700878846,67.53875733333334,,,0.0802516701313411,70.31728,30.0161905,,0.028776976400144205,382.73895,33.37156940054997,903.60303,,12.500605666666667,210.13287433333335,210.4146,,0.06601461467598561,12.55712,95.00290516666668,535.6121045,,0.14113116887529475,29.875357333333334,540.01278
2024-08-05 23:00:00,5603.63,38.5,1.0,12.45594,696.94514,32.872885333333336,94.77394,65.32314783333332,,1.8551412733614476,17.69169,3467.62352,32.96565,,,695.7784556666667,525.67957,0.0,,30.32076,897.39469,0.9764615668751608,,0.147634691341358,,,33.00404,69.29924,73.76146,1.4403524192611563,,523.6131566666667,0.0,,0.6795220378199859,0.7747487935472557,29.6575,209.95104,17.8668,65.60283,0.10818104294912388,521.57208,,694.10947,,17.789154833333335,34.46177,,32.77372,3501.4751281666668,,0.04861839442271705,377.64387,3571.05447,63.5325,32.66814,531.31494,,34.3084,,71.58006566666667,,95.1971,0.9615609685221823,64.83451,0.17050224709952821,,32.852771499999996,0.0,0.0,0.6030439716443378,,898.5867508333334,,,378.8464768333333,0.07214047935880762,69.08111716666667,,,0.04689321532455476,72.63693,29.989374666666667,,0.021815065738889507,380.50846,24.53318697662905,900.21001,,12.499286833333334,210.224498,210.51718,,0.05958736683498719,12.53824,94.997538,534.2729878333333,,0.1646410096583731,34.3713865,537.5015
2024-08-06 23:00:00,5536.6900000000005,39.3,1.0,12.44211,692.3818,32.30132916666667,94.65715,65.47781116666667,,1.884610480166654,18.29822,3504.03113,32.31295,,,690.1248298333334,527.16545,0.0,,30.21977,894.56992,0.8755222993171481,,0.11931976206199178,,,32.54335,71.98873,75.43696,1.4136520732659663,,524.6833728333334,0.0,,0.6854806280272233,1.013589359918825,29.62966,209.7587,18.50465,65.87753,0.11280431669965382,521.95126,,687.38632,,18.424961166666666,34.99841,,31.83281,3561.191118,,0.039492927111526036,378.67856,3648.24025,67.59885,31.62148,531.04059,,34.46177,,73.76148866666668,,95.11604,0.9538331074715226,64.97401,0.15157035039530248,,32.02374366666667,0.0,0.0,0.8818713609876203,,896.7428223333334,,,380.31226833333335,0.23028876902460782,71.5757055,,,0.16601247802805727,75.43348,29.97358116666667,,0.02566049733105008,381.71101,26.550671663866357,898.77669,,12.498162333333333,210.05965133333333,210.2313,,0.22723610424441107,12.54079,94.92626683333333,534.6771551666667,,0.18640152348154876,34.744,538.54808
2024-08-07 23:00:00,5767.33,38.0,1.0,12.42986,693.70361,28.167075166666667,92.73012,65.42890366666667,,1.9470619403615865,19.0596,3222.43286,29.62177,,,691.6103186666667,526.11157,0.0,,30.35871,900.05399,0.830551746824275,,0.1950574624348598,,,28.31253,71.81221,75.65978,1.644892645788078,,523.6148038333333,0.0,,0.6458835510998227,0.9706959932963474,29.63313,209.32179,19.64201,65.82602,1.258489360218423,521.38569,,689.88507,,19.3888445,30.89119,,28.08134,3365.645671333333,,0.18719050371054233,378.89025,3509.46118,66.89567,29.23684,530.63413,,30.62203,,73.43507883333334,,96.84134,1.1016608338185123,65.05342,0.19418013668155307,,29.46492483333333,0.0,0.0,0.8051836466537922,,901.7607905,,,380.2622231666667,0.10037207339155904,70.77520766666666,,,0.08597815554441407,75.02546,29.961142166666665,,0.03801277971953234,381.73743,71.17262204259224,903.65308,,12.504166833333333,209.634356,209.93792,,0.06863163362378788,12.56976,95.00164033333334,533.8230698333333,,0.19191981509736233,30.764142833333334,537.49487
2024-08-08 23:00:00,5967.28,35.1,1.0,12.43565,709.88323,28.165544833333335,94.6614,54.57216833333334,,1.6359942830864105,16.56384,3117.00079,29.92242,,,707.4896788333333,525.68853,0.0,,30.74329,895.67322,6.142049469336312,,0.15711613288212922,,,28.35105,47.26363,64.598,1.650304668682197,,523.0173681666666,0.0,,0.5234844262602423,1.3842941820305543,30.14383,177.44239,17.21645,55.07821,0.2189626770291138,520.82654,,704.67072,,16.96291683333333,29.11172,,27.96573,3278.1178701666668,,0.20037069819010972,377.54328,3358.60303,58.57661,29.27534,531.91595,,28.77477,,56.66905466666666,,95.53949,1.087606886052213,54.28844,0.14359484814854112,,29.575852833333332,0.0,0.0,0.8423378463287062,,897.1718251666666,,,378.77564950000004,0.18963882105507135,61.70675633333334,,,0.09055020134560328,66.5461,30.39700433333333,,0.025421799366343065,379.86033,47.08111752221038,898.71741,,12.498650166666666,177.71419816666668,178.0045,,0.13293902442558586,12.54155,95.03935933333334,534.9340893333333,,0.16245434115432786,28.940443000000002,538.86767
2024-08-09 23:00:00,5689.2,38.4,1.0,12.43299,698.09772,28.774661833333333,94.5882,60.37426116666666,,1.8868530523972051,19.72565,3200.34395,30.54031,,,696.6229703333333,526.35956,0.0,,30.97723,901.21928,0.8859437354279075,,0.9280114901966539,,,29.10209,64.48977,68.45078,1.4634566873317865,,524.2062056666667,0.0,,0.7061968006310736,0.9785617286331865,30.14053,209.03914,20.00525,60.73112,0.17674734581917825,522.28186,,693.9155,,19.86575183333333,30.15085,,28.274,3292.860427166667,,0.06939422782842825,377.63536,3384.43872,59.0373,29.85267,532.33788,,29.66026,,66.36644533333333,,95.41501,0.9452207751386997,60.08728,0.2318336097646269,,30.248253833333333,0.0,0.0,1.345875132235611,,904.1809116666667,,,378.7693423333333,0.20255034553976012,63.55880483333333,,,0.13486967580627862,66.74576,30.456587333333335,,0.029956137754266123,380.48212,41.69155145131616,906.47037,,12.499262,210.2884955,211.58247,,0.2774840857277702,12.54961,94.96951366666667,535.4148776666667,,0.14448424638882928,29.90765766666667,538.86993
2024-08-10 23:00:00,5617.41,61.6,1.0,12.47029,695.78093,29.489259833333332,94.72919,60.37889866666667,,2.140911439604194,18.59533,3154.50415,30.66048,,,693.9694646666667,526.58983,0.0,,30.81754,898.45472,0.7386827386314749,,0.3862977108725867,,,29.72761,64.40064,67.25623,1.4478711742981252,,523.9238138333334,0.0,,1.082842564047972,0.83131981512042,30.22871,215.68713,18.82047,60.69892,0.1190240149365252,522.19313,,691.32867,,18.717920166666666,29.31865,,29.31384,3203.589238,,0.05584351075275146,376.19498,3253.24512,57.03943,30.36242,532.41083,,29.12134,,65.79860933333333,,95.19484,0.9417052313360852,59.99928,0.11152037336808963,,30.519232,0.0,0.0,0.5803222722295338,,900.5286068333334,,,379.1832825,0.0832906340757823,63.28026083333334,,,0.06916488686076457,66.832,30.47981533333333,,0.016770182262198004,381.80466,20.57849555366115,901.49454,,12.500447333333334,216.20781816666667,216.72511,,0.11820649830844536,12.53948,95.01339349999999,535.026684,,0.17145228616758268,29.20892866666667,539.06586
2024-08-11 23:00:00,5562.91,41.0,1.0,12.46122,691.96112,28.3597625,94.64814,60.30451216666667,,1.853778070933025,18.76615,3131.94534,30.348,,,690.0445901666667,525.642,0.0,,30.61989,903.90778,0.8200379868094415,,0.07076004975917699,,,28.46663,66.17048,69.35827,1.4033178591758508,,524.0039903333334,0.0,,1.3950886484558278,1.2220108790695858,30.23912,206.34672,19.07862,60.70965,0.1414855605412257,522.35291,,688.10782,,18.899061833333334,28.22584,,28.26437,3176.3061105,,0.08105953941689777,376.9809,3258.0127,61.98896,29.96811,532.56976,,27.89106,,67.88379616666667,,95.33306,0.865559045809699,59.95422,0.09854789280984157,,30.125163333333333,0.0,0.0,0.5391575039986352,,905.4003415000001,,,380.0473215,0.09176895575055838,65.97840583333333,,,0.09200894375143234,69.9978,30.421434166666664,,0.019867175047764724,384.02594,22.61231458777934,906.44074,,12.501803833333334,206.45565433333334,206.62102,,0.04304185927183262,12.5431,94.97514083333334,535.153514,,0.18248312328831046,28.1150555,537.77695
2024-08-12 23:00:00,5765.55,38.5,1.0,12.4292,699.80904,33.938680833333336,94.76982,60.342986333333336,,2.2879994719529613,18.93861,3234.42657,31.19873,,,698.1388221666667,526.59866,0.0,,30.39278,899.31964,0.9255747186730965,,0.22739896983478147,,,34.11666,62.92366,66.67284,1.7109062289655728,,524.3124826666667,0.0,,0.8603145503326736,1.0006355390316786,29.65164,211.52893,19.29644,60.68604,0.10244212057447513,522.10443,,695.09438,,19.104466166666665,33.46455,,33.77147,3320.324874,,0.1053266317521017,377.08932,3410.20166,56.39932,31.00893,531.77454,,33.27269,,65.093682,,95.18144,1.0624170081786928,59.91773,0.17411955725092979,,31.106156333333335,0.0,0.0,0.5694015304382586,,900.0873008333333,,,378.6346833333333,0.050225719522790695,62.9164365,,,0.05614674677300632,67.07334,30.014721166666668,,0.03023938719374298,381.21593,36.64648980309969,901.67518,,12.500323333333334,211.93338166666666,212.30381,,0.1078187470301856,12.57019,94.97994999999999,535.4612876666666,,0.15509291502648356,33.34300616666666,539.40289
2024-08-13 23:00:00,5599.97,38.5,1.0,12.45208,694.61084,36.37180183333333,94.60079,60.34197366666667,,1.9124543410686794,17.74032,3317.52942,34.80678,,,691.7998110000001,525.11926,0.0,,30.35215,900.63239,0.9029573189114086,,0.1463892115651983,,,36.64526,64.07075,67.92469,1.2250192102868804,,523.5309841666666,0.0,,0.6501736074867756,1.0487003880860646,29.57348,207.80202,17.93657,60.79335,0.21026281986745682,522.06897,,690.04024,,17.828385166666667,35.38158,,36.14759,3363.6643544999997,,0.054237729237615974,378.65045,3412.35547,58.46838,34.42343,531.84932,,35.03673,,65.7836665,,95.52629,0.7616870276025136,59.5765,0.16559304300554498,,34.583447166666666,0.0,0.0,0.732317328664836,,902.2661098333334,,,380.1609176666667,0.0758842722163325,64.30134433333333,,,0.09566890944003749,68.00687,29.964577833333333,,0.02674540131335562,382.03538,25.36733189429545,903.80609,,12.501083666666666,208.12768183333336,208.34624,,0.11938217516625829,12.55355,95.01812816666667,534.619521,,0.21962742545831093,35.20022266666667,537.72178
2024-08-14 23:00:00,5915.86,36.8,1.0,12.44698,697.23779,30.894633,94.55862,60.22223183333333,,2.0611827096434756,18.54326,3098.40356,29.5448,,,696.2454144999999,525.43823,0.0,,30.35997,902.19568,0.8669057774672532,,0.19129985367728114,,,31.00653,61.97796,65.97833,1.603331218824678,,523.8740745,0.0,,1.8283042802353584,0.4612044523739586,29.59838,208.44316,18.77172,60.58088,0.22256529146331955,520.54248,,695.23169,,18.674095333333334,33.9249,,30.81429,3195.062865833333,,0.05147663549205799,375.83443,3281.51758,56.52375,28.96732,529.65247,,33.65639,,63.882112,,95.48748,1.036429368225414,59.81686,0.17513366027284746,,29.353365,0.0,0.0,0.697777424570018,,904.1704566666667,,,379.4148355,0.17281190462857862,62.034757,,,0.05737846296160363,65.91351,30.041025666666666,,0.024332218542685937,382.58475,40.14719019535479,905.52808,,12.499058666666667,208.75001,209.05101,,0.05466891135566507,12.54686,94.9923655,534.7398638333333,,0.17930247025335105,33.79025016666667,537.14221
2024-08-15 23:00:00,5737.81,38.1,1.0,12.45174,694.65857,30.510173833333333,94.59419,75.33554699999999,,2.208045870622352,19.1528,3168.77319,30.89119,,,692.2685863333334,525.79266,0.0,,30.29466,903.13881,0.8880706428674592,,0.17771760796267513,,,30.73739,65.00602,68.89295,1.576039907893262,,523.7040063333333,0.0,,1.382267267183202,1.0033983451286452,29.58545,200.89186,19.44786,89.24456,0.19128989155508805,521.8383,,689.93274,,19.2981825,33.71393,,30.35281,3245.3471008333336,,0.07201698294588313,376.965,3320.66626,59.05177,30.4682,531.65077,,33.29188,,66.88316083333333,,95.47963,0.9486446512001536,44.87982,0.162335214727581,,30.621702000000003,0.0,0.0,0.8038797913655978,,904.4444903333333,,,381.1218016666666,0.11632131644861704,63.29876266666667,,,0.11209568661421396,67.79331,29.980096833333334,,0.031901888584000615,384.0528,41.47060899281842,906.20662,,12.500976166666668,201.15330883333334,201.45174,,0.12300044726515644,12.56693,94.97362916666665,534.7183441666667,,13.093750860377439,33.47314133333334,538.41168
2024-08-16 23:00:00,5769.66,38.1,1.0,12.45769,703.54681,30.401127166666665,94.76674,60.13620783333333,,1.7979165189881305,17.53277,3257.61011,32.23614,,,701.1433886666667,527.06812,0.0,,30.19768,891.70111,1.0256601117529092,,0.1303501004179024,,,30.50666,64.5245,69.71016,1.4804185393855716,,525.2142886666667,0.0,,1.8650421490820672,0.8075992664480829,29.63448,200.78799,17.95099,60.46929,0.16981513051877437,522.03345,,699.7702,,17.763705166666668,33.49333,,30.19894,3327.253894666667,,0.10752726420508388,378.43269,3416.65302,58.49153,31.90004,531.91595,,33.11918,,67.33437883333333,,95.39875,0.9110519400316931,59.74819,0.14741672501865458,,32.084539666666664,0.0,0.0,3.7542724646870407,,896.9973150000001,,,381.70935483333335,0.09198517334408698,63.35259733333333,,,0.10042209798509641,66.30244,29.934878166666667,,0.02480295861873991,385.32874,35.87438746663784,906.84833,,12.498871166666667,201.02451083333332,201.35565,,0.0827023504900667,12.54368,95.04661166666666,536.4053416666667,,0.14284747483980142,33.297473,539.25763
2024-08-17 23:00:00,5626.7300000000005,38.5,1.0,12.45726,697.23779,32.744442666666664,94.6674,59.9599745,,1.5172081477005395,17.94974,3180.23804,34.03996,,,695.3440278333333,525.7218,0.0,,30.28222,900.78015,0.7515586442961554,,0.167310603637003,,,32.81211,64.31151,67.8674,1.2086346480042176,,524.0398505,0.0,,1.4573450284234437,1.0242136526799182,29.81693,203.1039,18.06035,60.46929,0.1568320733764216,522.38831,,692.30727,,18.008852333333333,35.38158,,32.65854,3226.8980708333333,,0.02768802613176794,375.46478,3301.9043,61.26493,33.73311,532.58742,,35.11337,,66.393262,,95.30741,0.7485397700776589,59.64517,0.09989810276895235,,33.87168033333333,0.0,0.0,0.5339399691868154,,901.9655921666667,,,379.08251349999995,0.08462400436720999,64.3574255,,,0.06772928702991739,67.27475,30.022407666666666,,0.02447378566379767,382.7066,28.036063536415117,903.29086,,12.500781833333333,203.36495433333332,203.69773,,0.04127191949171778,12.57062,94.99281333333333,534.9749311666667,,0.1558422627283371,35.27557933333333,537.74176
2024-08-18 23:00:00,5556.34,40.1,1.0,12.45487,692.70103,33.591164166666665,94.41996,60.09582433333333,,1.570230104102167,18.3366,3098.44019,34.76366,,,690.8292653333334,524.83563,0.0,,31.82523,896.86046,1.0352930582237014,,0.09719001720534981,,,33.69475,66.08945,70.52505,1.0422403293754157,,523.2836366666667,0.0,,1.6860945043014732,1.2432705041010772,31.3571,202.07661,18.53129,60.84701,0.21093148060890898,521.89154,,687.40417,,18.449565333333332,35.72635,,33.42619,3138.026064166667,,0.04537531179205152,378.55472,3222.25171,61.86684,34.04955,531.42102,,35.4199,,68.1738285,,95.41276,0.646885137247794,59.67951,0.09975208664894808,,34.36581966666667,0.0,0.0,2.0185454455391283,,900.6890718333333,,,381.6767031666667,0.19428177357194557,65.69234866666666,,,0.06893077632156998,69.14529,31.629694166666663,,0.02038256069903204,387.40591,31.322620107917416,904.34924,,12.500214166666666,202.3244088333333,202.51049,,0.07085414051491429,12.5402,95.01885999999999,533.8580111666666,,0.28621562522558797,35.56642333333333,536.43658
2024-08-19 23:00:00,6016.19,35.0,1.0,12.46107,715.84882,29.293461666666666,94.67483,60.479374166666666,,2.0520819035890336,18.93059,3043.28076,29.46782,,,713.6361506666667,526.32416,0.0,,30.64515,897.45004,0.981705606971463,,0.14251732422552732,,,29.50631,61.90388,66.96916,1.5311727348564506,,524.0345888333334,0.0,,1.0409920331733589,1.4117679590954453,30.16441,207.49982,19.06703,61.0187,0.1734007061581884,521.85602,,711.20276,,19.000334833333334,32.81211,,29.12134,3109.0277015,,0.03419285848182802,375.61697,3175.87939,55.27132,28.96732,532.02197,,32.50496,,64.50334966666667,,95.47623,0.9456919918581956,59.5765,0.10631058690669694,,29.192200833333334,0.0,0.0,0.6156839784860635,,898.6958081666667,,,379.9984053333334,0.11679598265222961,61.05665716666667,,,0.0901691366072508,64.70969,30.425582833333333,,0.024720507200357594,381.79358,30.96652581880101,900.05432,,12.498388166666667,207.850898,208.08794,,0.12334289202918416,12.56146,94.97442233333332,535.6367968333333,,0.24531297863287865,32.661416333333335,539.25763
2024-08-21 23:00:00,6310.34,28.7,1.0,11.93777,717.57404,30.277149833333333,93.01813,58.71082183333333,,2.0178202798511666,20.34378,2891.9234,31.0738,,,715.3965905,527.88263,0.0,,27.22548,899.0246,1.154734125472205,,0.06933995547607918,,,30.62203,59.75554,64.56153,1.856170624161712,,525.3219418333333,0.0,,0.6632066958077998,1.0076924047804765,26.77604,210.42097,20.86139,59.19878,0.4749499446297639,521.78503,,713.21399,,20.572320666666666,34.07832,,30.10276,2964.7607271666666,,0.17150611348363662,344.05185,3047.95526,52.4331,30.50666,532.6582,,33.73311,,62.36746433333334,,94.59684,1.2599016520663833,58.16864,0.1068706998393497,,30.798906,0.0,0.0,0.4832537799934691,,899.94854,,,345.5152286666667,0.12809057183843775,56.944109000000005,,,0.09565128495493662,60.3968,27.0124785,,0.022188909437051,347.15955,31.13580122519983,900.88309,,12.000782833333334,210.610735,210.78123,,0.1521606382595882,12.04283,94.00254249999999,537.532433,,0.23073040315626467,33.90348316666667,541.37115
2024-08-22 23:00:00,6413.54,28.2,1.0,11.96865,725.48785,31.111120000000003,93.33683,60.396748,,1.82786440358057,19.74152,2900.70415,30.23741,,,723.7865204999999,525.63317,0.0,,27.22382,895.71594,1.2184769106462234,,0.1741933663412232,,,31.266,56.65339,61.71868,1.363798606092537,,523.7410141666667,0.0,,0.586085013655819,0.9484540631504388,26.77795,209.46283,20.04771,60.69248,0.07723435369751638,520.7421,,721.83537,,19.921552000000002,31.8136,,31.00653,2979.007909666667,,0.09318499811610403,372.76761,3028.99591,54.76491,29.64102,531.61528,,31.42934,,59.137515,,93.74673,0.9152178814077543,60.03148,0.08682816037379947,,29.952899166666665,0.0,0.0,0.566882859867346,,897.0843543333334,,,374.2457755,0.20410579052641553,59.443169,,,0.14040508120714335,62.84436,26.99645,,0.015659335039204175,375.73944,26.96307591197275,898.49228,,12.000414166666667,209.74693799999997,210.11002,,0.0902855269104184,12.03581,93.48694566666667,535.4297538333334,,0.16667659634397775,31.576885166666667,538.46893
2024-08-23 23:00:00,5984.3,30.2,1.0,11.94924,700.15253,33.2427735,94.05219,59.71660433333333,,1.963844746374489,19.72615,2924.5652,31.39091,,,698.4677576666667,525.58664,0.0,,27.18935,901.04068,1.2062934838088368,,0.222161903308526,,,33.54129,58.68541,63.42023,1.5687474868355713,,523.4408678333333,0.0,,1.6150953423860865,0.9722445613523529,26.82391,209.51863,19.88073,60.09586,0.1588510758238531,520.79102,,696.64065,,19.79985333333333,34.99841,,32.92727,2993.260380333333,,0.03187032335472007,374.92581,3052.58043,57.67953,30.62203,530.32465,,34.65345,,61.095145,,94.70946,1.0393305405641906,59.11294,0.08621825146874387,,31.009549,0.0,0.0,1.0540255981846438,,902.5571155,,,377.2607716666667,0.2423253105879061,62.31318683333333,,,0.11073928912649471,66.33716,27.01991866666667,,0.019229138431830873,380.34067,30.872383825604395,905.27434,,11.9969875,209.94719216666667,210.45971,,0.21437003183411188,12.02974,94.36738333333332,534.0407975,,0.19512080935133927,34.82928883333333,537.4772
2024-08-24 23:00:00,6212.93,31.0,1.0,11.90804,707.4035,33.8378205,94.24696,54.05490516666667,,2.868624680881656,17.77098,2541.4292,31.23717,,,703.1954008333333,530.25829,0.0,,29.60796,898.77305,1.993186721524888,,0.7213754222842761,,,34.27005,55.78757,63.00584,2.8593918464413965,,525.7398156666667,0.0,,0.5662741523201021,3.4562546713520312,29.01637,210.46338,18.63006,55.61904,0.45673614575604415,522.42386,,696.74815,,18.214241333333334,34.96008,,33.47415,2771.494694,,0.17598203760868283,377.97862,3068.92163,49.09251,30.89119,532.12561,,34.80678,,59.520847499999995,,95.83194,2.198077609041643,51.08642,0.13787491566561996,,31.097065333333333,0.0,0.0,0.9638541130429473,,902.2056580000001,,,379.53761149999997,0.08459814888519877,56.298076,,,0.054721685902593555,61.61392,29.376752833333335,,0.029988858727340428,380.60237,164.10892267620275,904.24485,,11.979293833333333,211.24399433333335,213.25861,,0.22685616781568277,12.04262,95.0233785,536.8440883333334,,1.376490937271837,34.88945733333333,543.11331
2024-08-25 23:00:00,6012.360000000001,29.3,1.0,11.95846,696.64066,34.699120666666666,96.88482,50.86940833333333,,2.8971523504099204,18.31032,2542.61314,31.8112,,,695.0656103333333,526.02518,0.0,,29.53247,898.93552,1.0421651648896453,,0.18368129300340955,,,34.92176,56.00287,61.21863,2.2356333615211708,,523.1682055,0.0,,0.49838314556082874,0.7875217311070759,29.00058,209.60809,18.75449,51.23021,0.14256252887965817,520.47783,,693.61707,,18.527775666666667,35.07266,,34.3084,2606.851015,,0.12832755358076153,375.10926,2691.1996,47.2156,31.3813,529.81827,,34.88343,,58.797314166666666,,97.41232,1.38357153040866,50.40609,0.10419145754046685,,31.587416833333336,0.0,0.0,0.7453173626330764,,901.1357148333334,,,376.18436149999997,0.09602070427321273,54.90508416666667,,,0.0597202535470874,60.86443,29.268906,,0.02288957948771202,377.31473,34.99709075297987,902.73143,,12.001658166666665,209.9600535,210.26884,,0.15852640176694452,12.04749,97.14212366666668,534.513754,,0.18961722529711927,34.95584899999999,538.85003
2024-08-26 23:00:00,6117.39,28.5,1.0,11.93105,704.21631,34.079711,95.17682,50.686523,,2.7215939622982943,17.68333,2447.89705,32.30575,,,702.6350930000001,526.33946,0.0,,28.72947,899.57727,1.0967958244185818,,0.26557923077803025,,,34.19336,54.30248,59.62069,2.4556276177243164,,523.66617,0.0,,0.7376324643540804,0.5644986297510658,28.30094,210.27415,17.97736,51.08427,0.13745558147464096,520.32458,,701.39532,,17.836318,36.30075,,34.00161,2567.9200416666667,,0.07222127478468837,378.15072,2629.82317,48.91136,32.15932,529.24651,,36.14759,,56.458517,,95.79293,1.4650649180074633,50.16788,0.09696606668908563,,32.23621816666667,0.0,0.0,0.6857280249876617,,900.818532,,,379.76388233333336,0.029158620407003465,54.60877133333334,,,0.03763199744830055,60.16645,28.476783,,0.0242160055926738,380.90648,41.76504808499514,902.18518,,11.9979355,210.67680216666668,211.08794,,0.050104829825717415,12.03824,95.49956833333334,535.0931995,,0.1909825573125142,36.2299545,539.53455
2024-08-27 23:00:00,6165.469999999999,29.0,1.0,11.93061,703.40338,34.122375,94.36651,50.25278933333333,,2.387334760513737,18.69725,2364.69119,32.19773,,,702.239021,525.28962,0.0,,29.62417,902.59943,0.9385395264271359,,1.0858364629431683,,,34.29881,54.19194,60.25847,2.050693152997488,,522.6431423333333,0.0,,0.6776113918170823,0.6034482160634458,28.91856,203.58667,18.94314,50.61427,0.15190321409884336,519.29704,,700.79784,,18.845699500000002,36.67875,,33.9249,2466.6695723333332,,0.04882711421737319,379.89316,2521.06522,48.21685,31.93845,527.95983,,36.45387,,56.96764983333333,,95.07265,1.2527886284840177,49.98116,0.1305248510670405,,32.0822605,0.0,0.0,0.6598119841490664,,904.0358793333332,,,381.490645,0.05949587304943507,54.39770766666666,,,0.044486062722856004,60.60052,29.226797166666664,,0.022307502763600103,382.93569,30.035089923886858,905.34063,,11.997584666666667,205.13235799999998,206.80302,,0.09385236653057599,12.05476,94.748318,533.4791551666666,,0.15429136486120765,36.55602783333334,537.78086
2024-08-29 01:00:00,5904.51,30.9,1.0,11.89731,695.78087,23.985632,88.25511,58.971539666666665,,0.18633212605179741,18.86216,2643.3692,28.96732,,,694.4264453333333,534.28333,0.0,,25.52855,896.45104,1.3825172133642594,,2.823043997084636,,,24.26041,53.48702,59.82035,3.9471940887764587,,528.4788083333334,0.0,,0.354696021868187,0.7490159564918834,24.81852,194.81128,19.63299,59.31252,1.5360047240382406,522.05101,,693.15456,,19.209858666666666,32.04409,,23.79645,2839.576478,,0.20260217151668705,381.16385,3114.59497,63.6552,28.54849,527.39516,,30.96808,,56.994813,,92.92235,2.4289475915337073,58.5206,0.15010764539852922,0.9078,28.730998,0.0,0.0,0.6282079761335799,,898.2538136666666,,,382.1558861666666,0.0984393720804529,64.80958100000001,,,0.38717178706086186,64.94873,25.208733833333334,,0.047276608469322065,383.13951,131.8285436825193,899.58887,,12.008459666666665,199.38955916666666,202.41822,,0.1364040381354609,12.12078,89.65696,538.075206,,0.15756251250107078,31.578555833333333,547.48926
2024-08-29 23:00:00,6137.3,30.7,1.0,11.89387,706.4167,28.388895666666667,92.60317,58.014366,,3.600570616671575,17.30805,2925.05243,32.23614,,,705.6137948333333,529.00624,0.0,,28.22636,889.33849,1.043877939064278,,0.1866509795449388,,,28.53404,54.02236,58.56329,2.6380294691649664,,525.018735,0.0,,0.4237476429281084,0.455387040846714,27.57208,204.83635,17.58604,58.34247,0.24007934120805943,520.44435,,704.83807,,17.461753666666667,32.33215,,28.274,3083.698777333333,,0.06663749120266686,378.36069,3197.76831,49.91203,31.89764,528.69536,,32.15932,,56.601644,,93.4761,1.6534134327654455,57.56128,0.14349411305076648,,32.069616833333335,0.0,0.0,0.7264371696624132,,890.9024320000001,,,379.002361,0.07160091428948599,57.060695499999994,,,0.04007836346945876,63.96541,27.882323333333332,,0.039250030848165016,380.09466,69.10883495491302,892.42957,,12.001782666666665,205.124891,205.5144,,0.07586684339464031,12.09737,93.06639383333332,535.7006903333333,,0.15322059915059957,32.2208545,541.85442
2024-08-30 23:00:00,5883.74,34.5,1.0,12.45078,698.97569,30.886694166666665,92.75281,64.30910166666666,,2.7678166318509247,20.12113,2861.70996,31.41013,,,698.5721656666667,526.64519,0.0,,28.18417,893.84575,1.2710976217853902,,0.11865628967009856,,,31.12186,54.22725,60.51313,2.021426285189199,,523.3995993333333,0.0,,0.5311844238657759,0.184375803325938,27.72288,206.25437,20.66028,64.69287,0.16560527545731465,520.85962,,698.04996,,20.432467,31.17951,,30.58357,2951.6314255,,0.1750339904452416,378.46005,3061.92003,60.45467,29.66266,530.76617,,30.58357,,56.62302,,93.35667,1.3402519127651547,63.96318,0.11466149505882302,,30.808785666666665,0.0,0.0,1.0289631209186427,,895.7748628333334,,,379.9596598333334,0.506854099283573,68.0203705,,,0.13923630086121752,71.10728,27.954273166666667,,0.025508587132848638,380.9851,55.18190977364261,898.66763,,12.501521666666665,206.47979383333333,206.64846,,0.15964513873908862,12.5498,93.03226516666668,534.2484935,,0.16533451929875556,30.880049333333332,539.27908
2024-08-31 23:00:00,5879.29,34.9,1.0,12.44158,707.3736,33.9156685,92.4051,64.20995033333334,,3.195492825127658,17.72196,2912.29492,35.12295,,,706.1074346666667,525.73723,0.0,,28.17942,899.50304,2.4502808790528685,,0.48859215585571397,,,34.03996,44.99144,56.45835,2.8606140855503814,,521.8246588333334,0.0,,0.4167566625199979,0.5855120989428241,27.60956,204.03045,18.96402,65.34529,0.4146418539688279,518.42657,,704.66471,,18.52730066666667,32.88648,,33.61802,3055.1154279999996,,0.3591331075405765,378.74795,3254.70544,55.01783,34.73011,526.30645,,32.62014,,51.428537666666664,,93.81633,1.8607851478714539,63.6756,0.12730437893551927,,34.997086833333334,0.0,0.0,1.567804898213489,,902.5124648333333,,,379.66221666666667,0.08265170755034898,65.07386016666666,,,0.06870026727367194,70.21484,27.903827666666665,,0.02773936271717163,380.50172,72.88911889925167,905.0509,,12.508460333333334,204.99599583333332,205.5787,,0.1121126368211938,12.56756,92.98367499999999,532.0137095,,0.4111219012383839,32.7757155,537.86288
2024-09-01 23:00:00,5988.14,34.2,1.0,12.32951,712.56144,32.954211666666666,92.25489,63.59022166666667,,4.316947698510869,19.43778,2616.10115,33.42619,,,710.8025413333332,526.68678,0.0,,28.51433,897.00215,3.0137952276280973,,0.0849660389876048,,,33.15756,42.9762,57.14187,3.8636218090367316,,523.2156578333334,0.0,,0.549633029853327,0.5994582350685497,27.66063,202.97553,19.76947,63.80008,0.1968683074759563,515.02608,,709.98195,,19.598676166666667,31.00412,,32.73532,2970.4945035,,0.07102240515646353,377.13125,3095.76093,46.86256,32.89128,520.60003,,30.77584,,49.277818,,93.00244,2.4592799001175725,63.21204,0.1563943219614436,,33.1925735,0.0,0.0,2.7348615167238655,,905.8916226666666,,,379.732606,0.14586692121413689,57.44121883333333,,,0.06883114956283343,67.77711,28.0128485,,0.0459844461210146,380.60526,81.12629743424557,908.10939,,12.496392166666668,203.15329533333335,203.30285,,0.12351376396459678,12.56285,92.64612883333332,533.2720296666666,,0.14787044075143208,30.875809166666667,538.36624
2024-09-02 23:00:00,6098.79,32.2,1.0,12.36951,708.71954,32.47447266666667,93.24204,64.21892799999999,,4.63272458598963,18.81082,2789.59065,34.15502,,,706.2599416666667,528.4513,0.0,,28.44928,898.92024,2.6581666033472002,,0.12297448453035865,,,32.73532,45.92382,57.18122,3.462843162357938,,524.0835105,0.0,,0.5508006221697743,1.3630341382647675,27.56795,203.04778,19.14302,64.52976,0.12796052592422003,517.67098,,703.99212,,18.9568415,36.53043,,32.35136,3000.591681,,0.07244793463795227,380.35931,3155.47723,49.20421,33.9249,524.30311,,36.30314,,52.738652333333334,,93.82005,2.2398163620816733,63.86875,0.21003814279240632,,34.025300666666666,0.0,0.0,0.5080606021855746,,899.9376601666667,,,381.3753893333333,0.0590347303372168,59.906666666666666,,,0.060800651379905014,67.96058,28.004581666666663,,0.04533979201509154,383.33739,85.94040190789644,901.46756,,12.496145833333333,203.2955805,203.50945,,0.13116419644879057,12.56967,93.51898533333333,534.262363,,0.14574397506284287,36.4174645,540.73727
2024-09-03 23:00:00,6100.92,33.1,1.0,12.35684,708.68957,32.148838166666664,93.80201,61.423919,,3.8252200719991674,19.81314,2569.78789,29.96811,,,707.0108666666667,525.7218,0.0,,28.52255,895.13721,2.9634353043650066,,0.7971897278455458,,,32.25534,44.96944,56.82008,3.415085588007903,,522.5769776666667,0.0,,0.5285388803939532,0.6773430836298437,27.60067,205.23764,20.41794,61.74623,0.1317696793776062,516.7269,,705.95023,,20.1608505,32.0825,,32.04409,2784.7796623333334,,0.14775725427629657,378.95031,2901.78844,44.84906,29.81419,524.30604,,31.92885,,50.527769166666666,,94.32813,2.1055082995367735,61.01655,0.20426456449223665,,29.882212166666665,0.0,0.0,0.663872678198109,,896.3888488333333,,,380.38207,0.039336902504084156,54.07491533333334,,,0.04149504620185021,63.00757,27.9998725,,0.0509598966760854,381.27388,73.41853738664794,897.97456,,12.4950045,206.5946985,208.39642,,0.06561200777585299,12.56844,94.06487633333333,532.6334410000001,,0.17077550450215784,31.987350166666666,538.27069
2024-09-04 23:00:00,6110.09,30.2,1.0,12.31517,700.96509,31.498906166666664,93.27156,56.3805915,,4.28545780601437,17.63058,2045.70166,31.72715,,,698.7047818333334,531.49142,0.0,,28.58738,901.48378,2.2478710801808752,,0.17876270509276102,,,31.75597,55.86339,65.52458,6.227139750900968,,525.3721496666666,0.0,,1.2881390727727162,1.3446146875132081,27.43241,203.65538,17.93758,56.79512,0.3038174117965149,512.29806,,696.1212,,17.772835333333333,32.99444,,31.1603,2486.3743056666667,,0.08657101588529828,373.25676,2692.67937,40.79255,31.39091,515.56583,,32.46896,,62.451220166666666,,94.50276,4.1981553008515675,55.34648,0.25202210471717224,,31.53522183333333,0.0,0.0,0.6351450650127203,,902.8070903333333,,,376.76374783333335,0.07471570809117063,53.198136,,,0.11208004791207256,59.32494,27.956516833333335,,0.07355409672133505,379.14788,141.821242786674,904.12444,,12.5080825,203.92142633333333,204.44573,,0.16261335074645522,12.65687,93.91666333333333,535.4505365,,0.2855685452389902,32.772550833333334,544.67841
2024-09-05 23:00:00,5912.900000000001,32.1,1.0,12.03685,702.8475,37.213866333333335,89.06701,52.42495666666667,,2.7462420046674505,21.57008,1923.36096,31.73915,,,691.8691036666667,526.27101,0.0,,29.76859,888.99864,3.8085560156973366,,0.7052826728988919,,,37.71412,42.26607,61.09594,6.705532152942121,,519.0760063333333,0.0,,0.670578236098805,6.910021370901276,28.36011,197.87135,22.52392,53.01578,0.8400287232544794,507.47205,,681.6409,,22.11393083333333,34.79959,,36.72181,2409.4465136666668,,0.32076152512045303,374.90955,2797.50594,42.69493,30.69894,509.8221,,29.39083,,50.146677999999994,,92.14951,4.099243640259824,51.49203,0.2879280276800107,,31.16371,0.0,0.0,1.4604410656203926,,891.7810805,,,376.15848166666666,0.26849233540176015,49.14165633333334,,,2.0804210432668886,51.89022,28.978499833333334,,0.1476056862702868,377.87924,243.06936443338464,895.83772,,12.407151,199.3319096666667,201.24358,,0.35331956981865054,12.59289,90.99332299999999,528.6814881666667,,0.3170596270535657,31.868293666666666,539.45043
2024-09-06 23:00:00,6079.81,28.8,1.0,12.28057,700.53491,34.970299999999995,86.5014,52.87753983333334,,0.5437918012137967,18.26877,2001.02582,32.88888,,,696.0283116666667,536.96582,0.0,,29.5729,895.16992,5.034886449313055,,0.1396230907202307,,,35.11337,44.55968,64.45968,7.044015428654866,,528.5969151666667,0.0,,0.3762020734875631,1.8092304763469795,28.41698,205.08006,18.76759,53.36131,0.3247369519853117,517.16693,,693.27393,,18.52234716666667,31.12186,,34.80678,2408.2843828333334,,0.15193091759857527,379.18118,2759.2475,48.93046,32.69693,522.28186,,30.22779,,55.21051466666667,,87.77982,4.959002693406747,52.50286,0.26085992796592905,,32.794988833333335,0.0,0.0,0.5332210104811586,,896.5807801666667,,,380.0482005,0.053218880493564755,51.71921733333333,,,0.12176354027886607,53.68785,28.9992355,,0.0739989128710799,381.00244,189.9857744783758,897.83136,,12.476576999999999,205.39233566666664,205.58682,,0.0806025357089468,12.61841,87.05888016666667,537.961423,,0.1683935311319606,30.343186666666668,550.4718
2024-09-07 23:00:00,6358.06,26.6,1.0,11.31793,704.31201,35.85368483333333,86.55194,52.877682166666666,,2.2170170317971256,16.46842,2387.77856,33.27269,,,701.3635576666667,531.26183,0.0,,30.60703,903.9888,4.468952693836982,,0.1028505390149969,,,36.07101,41.23531,58.17205,7.521894011773304,,523.4302954999999,0.0,,0.40586525576132304,1.6552478545209006,29.60612,205.3279,16.99943,53.49866,0.25435370856082473,515.53094,,696.99896,,16.693409166666665,34.13584,,35.68804,2642.3958858333335,,0.13808936764003849,378.7421,3036.96216,46.36541,33.01363,520.93304,,33.90572,,50.01445116666666,,87.70946,4.4369941566875495,52.39985,0.2611242829675919,,33.163475999999996,0.0,0.0,0.9115877378999256,,905.9639756666667,,,379.9628671666667,0.06512486533900774,51.55594166666666,,,0.05734062648462951,56.55153,30.0145515,,0.10643830344847068,380.82605,184.70474862839848,908.05255,,11.499027166666668,205.5259115,205.71764,,0.12064836869789258,11.72339,86.971557,533.397599,,0.2029880437498609,34.01231533333333,547.38391
2024-09-08 23:00:00,5944.27,28.5,1.0,11.59256,701.56261,34.97174,84.11552,53.01628633333333,,2.2629010663838107,16.72002,2134.37646,33.15756,,,698.5575436666666,529.98854,0.0,,28.41708,899.25366,4.177112144553016,,0.16242941367977012,,,35.03673,43.38365,57.79239,5.776041307675418,,523.6524748333334,0.0,,0.3495993608371081,1.7024038913791475,27.43924,205.65886,17.59685,53.42999,0.39517434029365117,516.21564,,693.03522,,17.2005305,39.35994,,34.88343,2434.5399696666664,,0.23188987825847437,379.13759,2698.68555,48.27994,32.85049,521.41219,,36.91316,,50.0990935,,85.67954,3.303963476909868,52.50286,0.24113221181448974,,33.047774,0.0,0.0,0.6341104815720879,,900.3993690000001,,,380.0203585,0.08320003655067809,53.20093283333333,,,0.9171447585726487,57.5794,27.97420483333333,,0.09713597803484132,380.73892,139.7659639851997,901.99133,,11.813525166666667,206.00036766666665,206.35219,,0.04766475100255707,11.98717,84.88936149999999,533.8669,,0.18312511848522287,38.327783,544.71355
2024-09-09 23:00:00,6148.150000000001,26.7,1.0,11.88906,701.45506,36.582343,87.37827,54.559101166666665,,2.925983683539717,18.37032,2227.51074,32.95606,,,698.8389951666667,524.73311,0.0,,28.38026,894.29044,3.4732311747931846,,3.8129281936349093,,,36.72181,37.22567,52.92389,5.144299547718872,,517.5826303333333,0.0,,1.0593046378976472,1.5991419736681882,27.61393,219.12145,18.83528,54.90652,0.19477599906843668,512.41631,,695.59584,,18.533566,37.21925,,36.47301,2390.936316,,0.107098701699705,375.93559,2588.45029,47.06513,32.63934,519.11271,,36.95142,,45.477582,,88.23895,2.9388068524188258,54.11675,0.18407153579281263,,32.806583833333335,0.0,0.0,0.8725759942590193,,896.0292023333333,,,378.2898921666667,0.08779122198681041,53.66277316666667,,,0.10163963026342338,58.76239,28.013824166666666,,0.05213183205398752,380.73695,91.06303857540955,897.66562,,11.9988455,225.181791,233.42111,,0.06544587328342874,12.13399,87.68445933333334,527.4255326666666,,0.1911579323366582,37.0664085,540.53007
2024-09-10 23:00:00,5999.46,27.7,1.0,11.89859,694.19305,36.108784166666666,86.90046,54.719702999999996,,2.017475930292951,17.91516,2055.20581,32.54335,,,692.2782138333333,522.35291,0.0,,28.36131,900.38718,2.8630565145738274,,0.10532885664276036,,,36.25289,44.35596,58.39256,4.594052897978286,,517.1050675,0.0,,0.6730328245162075,1.1828784094928855,27.27482,212.62006,18.1201,55.17264,0.42416224283655796,512.14923,,690.21906,,18.032602166666667,37.41053,,35.87954,2232.593301833333,,0.05016268520276183,376.70459,2399.80742,48.32566,32.23614,519.1217,,36.87489,,49.533580666666666,,88.37027,2.9992262082922405,54.15109,0.24502209825919685,,32.3819145,0.0,0.0,0.6924954337741261,,901.6418995,,,378.4402881666667,0.07561534021623455,54.64719066666667,,,0.16841408249917247,58.77223,27.9499405,,0.04483778864899788,379.60974,92.85999462386368,903.01718,,11.9989765,212.80800083333332,213.0041,,0.08795597506788407,12.06927,87.432456,526.8500048333333,,0.18187628632243716,37.09952416666667,535.47347
2024-09-11 23:00:00,6031.83,29.2,1.0,11.83603,699.00555,34.3480565,86.54672,54.64888166666666,,4.342762798243896,19.2119,1851.66097,29.77571,,,694.977578,523.51453,0.0,,29.57641,893.56403,5.090810362312169,,0.30713507630448833,,,34.61512,38.33688,57.79644,6.163578300134581,,518.3989466666667,0.0,,0.8530904023187849,1.676825516339418,28.45104,214.67824,19.6743,54.94086,0.3831162014018456,505.37254,,692.51007,,19.3959235,36.33903,,34.11666,2214.629636166667,,0.11812608951089407,378.89325,2412.35828,44.37795,29.31384,506.46807,,35.72635,,48.51825766666666,,88.14809,3.9931636733558267,54.33995,0.2996739345132752,,29.517646166666665,0.0,0.0,0.7714838926594431,,895.0392909999999,,,380.31315266666667,0.13220557097536326,53.64184416666667,,,0.16531051861563895,58.80637,29.026067333333334,,0.08585410941452647,383.07593,155.10144224066198,896.49115,,11.984808166666665,215.07494016666666,215.56926,,0.104731224162907,12.13635,87.31620216666667,527.7782055,,0.14888855616365393,36.02768666666667,538.48218
2024-09-12 23:00:00,5849.71,29.9,1.0,11.83773,695.37494,36.33626883333333,91.31682,63.79053833333333,,2.401081225280296,19.50402,2054.40067,31.54463,,,693.6557575,519.23714,0.0,,30.61798,896.67273,3.5587020199438473,,0.3208026544712975,,,36.53043,42.6058,59.35735,3.4855132595953138,,514.6515053333334,0.0,,0.5378024091325598,1.1218146457000877,29.33283,213.69869,20.25388,64.4525,0.3725370541796221,506.03304,,691.50769,,19.875652,32.26974,,36.09973,2215.015868666667,,0.2246300622439684,379.13077,2398.90837,47.79899,31.24678,511.53157,,31.51581,,53.42118966666667,,92.99111,2.548017421514942,63.0103,0.33128045966047126,,31.414486,0.0,0.0,2.311311229772115,,901.6758336666667,,,379.9496208333333,0.09402659872862526,50.64369216666667,,,0.18618209155468643,57.84274,30.038863833333334,,0.055916910375920253,380.98232,73.5304812467862,904.66149,,11.989368666666667,214.22920166666665,215.00863,,0.13282427411257414,12.17073,92.28865233333333,522.8534858333334,,0.4217657613590833,32.0606425,531.03168
2024-09-13 23:00:00,5967.69,30.9,1.0,11.90962,703.37947,36.499708166666665,89.45666,64.32097783333333,,0.9664133357607776,17.38166,2051.60083,33.38781,,,701.7735685,520.45146,0.0,,30.28658,892.90808,3.510736714648978,,0.4127085952410287,,,36.83662,43.05376,57.46828,3.489788931016577,,515.6673208333334,0.0,,0.5164509798819583,1.161830386895859,29.74085,214.29924,18.3297,64.7272,0.25223779357452303,512.82593,,698.86224,,17.864481333333334,33.9249,,35.99443,2165.9463873333334,,0.30892042418098103,379.0062,2375.32401,46.01699,32.38016,520.41151,,33.54129,,49.36567433333333,,90.44192,2.456861277468312,63.81725,0.15873790537129645,,32.792509833333334,0.0,0.0,1.3574268757586783,,895.6500401666667,,,379.937356,0.33049557367477117,47.987353999999996,,,0.13065143754098546,50.85193,30.00303316666667,,0.044371185902451676,380.93457,106.09276963409172,898.14125,,12.0020835,215.15497150000002,215.76727,,0.23981230534501635,12.12212,90.02369333333333,525.0026975,,0.212892693357609,33.786968,532.42402
2024-09-14 23:00:00,6097.570000000001,29.3,1.0,11.92,709.07249,33.890259666666665,89.42124,63.73060183333334,,5.4635678692979734,19.47484,2084.56494,30.50666,,,705.782623,529.29857,0.0,,30.47963,902.92175,4.096099861946469,,0.46168235508582917,,,34.13584,43.57811,62.13886,5.477925535989324,,518.7529913333333,0.0,,0.5480006420219753,2.0385668114030624,29.6823,211.58119,19.97759,64.05332,0.39586458963186516,511.8642,,702.16022,,19.658991166666667,31.57345,,33.46455,2240.6194066666667,,0.13742984815178586,378.83638,2669.66074,46.03204,30.27588,517.78001,,30.8167,,54.92432833333333,,90.67205,4.370680652048977,63.25067,0.17907439960778018,,30.3846335,0.0,0.0,1.0478412063831781,,904.7921445,,,379.97978666666666,0.06170514084082762,52.3395795,,,0.2502971042635409,58.91904,30.040556833333333,,0.04835554939817054,381.4841,137.58688849568483,906.5436,,11.988518166666667,212.3508958333333,212.9099,,0.19878464176058905,12.16276,90.14643099999999,527.805979,,0.16965247570705053,31.203848,543.0957
2024-09-15 23:00:00,5726.72,30.4,1.0,11.963,702.78174,35.163131,88.63032,63.93170583333333,,0.5824259192912522,19.10266,2119.24188,31.58306,,,700.9680056666667,516.95361,0.0,,30.32408,893.65332,1.9762824359124793,,0.04534112771644861,,,35.24748,43.80498,53.20169,0.924782565694101,,515.8001463333334,0.0,,0.4006505090997794,0.5487498514153425,29.67195,219.85517,19.39105,64.28081,0.14021650465113533,513.70707,,699.94942,,19.2246735,32.73532,,35.03673,2176.8553620000002,,0.09546623117271662,378.9447,2219.74341,44.35596,31.38771,521.70806,,32.58175,,48.88187766666667,,89.21161,0.6351363948777039,63.55971,0.12983783161126208,,31.48100833333333,0.0,0.0,0.6165952326334635,,895.2398343333333,,,379.9606743333333,0.04828319106633149,45.578417666666674,,,0.042100705087900814,47.32383,29.99960666666667,,0.014132326867278316,380.91364,27.03421091283377,897.06415,,11.999819833333333,219.95927133333333,220.06334,,0.05597992096748271,12.03304,89.01102283333333,524.8430086666666,,0.17284929517260586,32.6500585,526.6076
2024-09-16 23:00:00,5506.95,31.0,1.0,11.85819,702.06464,36.445500333333335,90.30181,63.32963316666667,,2.5759574959207203,20.05024,1789.94824,30.96808,,,697.893884,517.09583,0.0,,30.57246,892.91266,3.013840028318995,,1.2223418256019034,,,36.87489,42.08029,56.03297,5.93834444952239,,507.4457735,0.0,,0.6150926294369553,2.3060461405812127,29.52691,215.58787,20.71288,63.91454,0.31360984068512143,498.10037,,694.46759,,20.373878833333332,34.88343,,36.1444,1959.7800978333332,,0.19933215227983855,378.91812,2360.47681,39.61478,30.81429,503.731,,34.23171,,46.791570666666665,,91.49758,4.10255061947384,62.76994,0.22666737468635126,,30.895728000000002,0.0,0.0,1.3623253173891015,,895.7197215,,,380.21916566666664,0.05178431877034336,47.15647216666667,,,0.21388822237994512,54.47032,29.9598805,,0.08057328232137256,381.42203,127.72043621878596,899.54419,,11.994671166666667,217.43130666666667,219.68235,,0.26507497411408465,12.21931,90.94957316666667,516.2140441666667,,0.2981374414224741,34.48661683333333,534.17731
2024-09-17 23:00:00,5493.78,31.4,1.0,11.98112,694.46759,29.992580333333333,90.66353,63.67612616666667,,0.47597426282942773,19.20155,1917.97938,30.81429,,,692.9921398333333,509.87167,0.0,,30.23102,897.97192,2.163920428841764,,0.11558969193124981,,,30.11238,42.92219,52.15298,0.6995427171567263,,508.565397,0.0,,0.7841611069911669,0.5720364400106411,29.78635,219.47348,19.48386,64.00611,0.1496235084458133,507.62216,,691.79407,,19.369818666666667,35.15169,,29.86229,1939.5879995,,0.06290615815470671,378.55805,1963.89923,46.21956,29.77571,515.16924,,34.99522,,47.5194635,,91.23045,0.4535106725382605,63.33651,0.10278511518277036,,30.332558000000002,0.0,0.0,0.9267871290979613,,899.807206,,,380.082319,0.3695711166432613,47.3935095,,,0.047466364879636784,48.41575,29.9687605,,0.010419857198616036,382.03049,12.335860475848401,901.50159,,11.999048833333335,219.8384235,220.00929,,0.058531707558530245,12.01814,90.92708816666666,516.9283213333333,,0.16526955031501595,35.06802483333333,519.01514
2024-09-18 23:00:00,5566.43,32.1,1.0,11.96992,691.81793,32.01674666666666,90.74797,63.8808305,,0.6515872861372267,19.08147,1852.35645,31.48699,,,689.7510585,509.40527,0.0,,30.12681,893.94376,4.274947629592789,,0.45482392440548514,,,32.50496,42.14279,60.47782,1.0352882554651162,,508.04805000000005,0.0,,0.5329581237729651,0.8031512021709281,29.76945,219.64928,19.32568,64.32373,0.1179369781790467,506.40889,,687.30882,,19.177351833333333,32.19773,,31.56384,1908.2834723333333,,0.06131401218157459,378.30237,1955.6626,46.54598,30.55473,513.88478,,31.42934,,49.63868683333333,,91.26731,0.6793897307941099,63.14765,0.09416987912209535,,31.03014466666667,0.0,0.0,2.5394069120297624,,899.3764078333334,,,379.954054,0.24811941197373535,47.8404105,,,0.23690004967047046,49.78316,29.937901833333335,,0.015552048659714894,381.4949,23.835951662559793,903.20828,,12.001141666666665,220.3032745,221.14648,,0.2774825932709398,12.02895,90.99912683333334,516.328979,,0.17883628343439634,31.812999833333333,518.69531
2024-09-19 23:00:00,5722.82,30.4,1.0,11.92121,699.1649,33.486082499999995,90.42982,64.06030700000001,,2.4907006633777042,19.56322,1943.36969,32.46656,,,697.161972,514.3389,0.0,,30.41869,899.96216,5.273090913677517,,0.16174866778028618,,,33.62761,35.45236,56.07001,4.255542492737906,,508.7560818333333,0.0,,0.6874714655553851,1.1966155194728922,29.6683,218.00079,20.09019,64.44105,0.19248900454942852,502.83813,,694.80188,,19.810358,32.96565,,33.38781,2060.3495158333335,,0.15860524124966308,378.30399,2251.07312,46.80931,32.29375,509.51224,,32.73532,,46.12025033333334,,91.21476,2.8073844190951065,63.18199,0.19979715824653133,,32.37247716666666,0.0,0.0,1.2347199680201058,,902.1856028333333,,,379.8027438333333,0.040253329585064716,53.93458916666667,,,0.06938747099066232,58.19752,30.026798,,0.04386426350036453,381.22336,79.08939668147552,904.54623,,11.992313333333334,218.31414366666667,218.61673,,0.05849981714081187,12.08646,90.86950766666668,517.8418706666666,,0.21238482352097082,32.881694833333334,526.62384
2024-09-20 23:00:00,5473.29,32.2,1.0,11.90257,698.27294,29.934716499999997,90.80478,63.798669333333336,,2.404535405266543,18.73348,1834.36206,30.42974,,,696.7032811666667,514.98757,0.0,,30.39075,903.72614,5.835466781578893,,0.09366368075831395,,,30.08353,34.9199,61.3259,4.46636384931736,,507.0970878333334,0.0,,0.4730585608198802,0.7073934257230707,29.57911,217.75995,19.44913,64.28653,0.1853247924069493,503.08823,,694.72626,,19.016573333333334,28.81328,,29.78533,1959.0077713333333,,0.21261798950203564,378.79361,2144.67029,46.42714,30.02582,508.97743,,28.58219,,48.46106666666667,,91.44675,3.0875004846327028,63.31934,0.187451554707502,,30.210102833333334,0.0,0.0,0.9877801788695668,,907.4851986666667,,,379.95869666666664,0.11460542150176967,51.492526,,,0.05490346707173241,56.14409,29.976752666666666,,0.043688459713924134,381.41614,77.88370844819949,909.40479,,11.993663833333333,218.00555683333332,218.18688,,0.09229331907114725,12.07017,91.12171199999999,515.6719908333333,,0.21806893053334164,28.681038666666666,527.54637
2024-09-21 23:00:00,5513.18,32.9,1.0,11.96168,686.06873,37.416675000000005,91.30011,64.17634083333333,,2.049887849742601,17.17511,1954.87671,35.84124,,,684.5297566666667,511.40115,0.0,,30.25332,900.7168,4.283091704115188,,0.5385399998667835,,,37.55397,40.66117,61.62376,2.8647622248618836,,507.9517826666667,0.0,,0.8100687026972078,0.7682217887480929,29.68504,216.44993,17.57175,64.65853,0.14426882191130538,503.01678,,682.7312,,17.318769999999997,36.68354,,37.25751,2020.7095443333335,,0.10081184501294786,378.40197,2078.59076,48.45819,35.68804,509.22705,,36.51129,,50.051207999999995,,91.94893,1.8670899999467787,63.52537,0.15028692594970514,,35.77081416666667,0.0,0.0,0.6446060025712087,,902.1449668333333,,,380.32827449999996,0.04392378338385109,53.55164116666666,,,0.04532362896639926,58.34742,29.980672666666667,,0.018401492880361733,381.59161,27.91012990000927,904.12422,,11.997812333333334,217.88918666666666,218.42627,,0.08335660919572806,12.0391,91.6229365,516.775861,,0.19388408181346714,36.60113783333334,523.02698
2024-09-22 23:00:00,5478.39,33.0,1.0,11.92632,691.55542,30.377194166666666,91.23795,63.9230025,,1.928847198300977,19.99892,1863.6781,31.85202,,,689.6458161666667,512.82224,0.0,,30.23454,903.82147,4.874565812625218,,0.2146967017161472,,,30.4682,40.67969,60.93041,3.409302022987046,,508.36665883333336,0.0,,0.5672301239449475,0.8534253336598963,29.62283,217.65152,20.25866,64.4525,0.19342233119538502,502.76666,,687.92096,,20.1464385,34.15502,,30.27588,1971.510227,,0.06017445783451695,379.10174,2073.25098,47.01187,31.62148,508.76352,,33.9249,,52.53886083333334,,91.95231,2.3221169385743248,63.54254,0.12056558515202828,,31.758527833333336,0.0,0.0,1.124519280208514,,906.1787895,,,379.91746750000004,0.05132825333226791,52.76900716666667,,,0.06437129509474881,56.79519,29.951107,,0.03568273234887384,381.55658,56.00978008729583,908.47745,,11.9934095,218.030531,218.40263,,0.04194276674641847,12.08116,91.52401983333333,517.015037,,0.210237823868992,34.01758983333333,524.04167
2024-09-23 23:00:00,5213.2,33.3,1.0,11.93633,689.55103,31.469303833333335,91.20599,63.426508,,1.9237362298248304,20.13374,1821.4389,30.62203,,,686.3411293333334,509.97568,0.0,,30.40247,898.56964,4.866043088346461,,0.1887262482107233,,,31.62148,38.43874,61.89462,3.4517572944864625,,506.0343456666667,0.0,,0.6518482348440118,1.5523395751638422,29.63211,217.37167,20.31284,63.90309,0.14922889067991893,501.62305,,683.68463,,20.223732666666667,32.31295,,31.30444,1946.6449371666668,,0.03596793774058712,378.40228,2018.11523,46.64437,30.35281,508.15722,,32.0537,,52.763757166666664,,91.85502,2.3616417183315863,63.04464,0.18288315420811282,,30.464616333333332,0.0,0.0,1.2276621625341886,,900.3451285,,,380.0829255,0.07779854970036351,51.90151816666666,,,0.06916500934451324,56.17418,29.989218666666666,,0.029910760881281456,381.33444,50.75013791969748,902.71857,,12.001439333333334,217.73829583333332,218.08717,,0.08689898581631406,12.06812,91.47711,514.8151936666667,,0.1755095317011761,32.185139,521.03955
2024-09-24 23:00:00,5211.22,34.0,1.0,11.93196,693.9662,32.47924066666666,91.11997,63.42148833333333,,1.8934619531520065,18.57466,1798.86838,31.95766,,,691.7238511666667,508.37404,0.0,,30.275,898.34688,4.875122204823616,,0.24956801649636032,,,32.75452,37.76276,59.51188,3.573335984662244,,503.632766,0.0,,0.5526140596537615,0.9788552965462278,29.32287,217.11023,18.73671,63.86017,0.21068343764451414,499.28088,,689.82541,,18.660918166666665,33.77147,,32.25534,1911.7433621666667,,0.0383513169725771,378.39682,1990.19116,45.41103,31.54463,505.4031,,33.34944,,50.38705466666667,,91.89615,2.332291155134684,62.56391,0.21406460068819508,,31.756506,0.0,0.0,0.8687380548496966,,900.5054586666666,,,379.9384253333334,0.12816790952179472,49.66981116666667,,,0.12825550629296215,53.35043,29.97814,,0.03356364776846242,381.13023,49.72378989234647,901.98553,,12.000246,217.77307883333333,218.03019,,0.16100926412831176,12.06851,91.5295285,512.4490483333334,,0.22977066430864673,33.590307333333335,519.20778
2024-09-28 23:00:00,5538.92,33.7,1.0,12.38072,690.0282,37.0081715,94.28117,61.953036,,1.6269603228617502,19.26288,1905.21118,34.23171,,,686.9682336666666,522.52435,0.0,,30.20013,903.29633,3.4199238538710537,,0.39337570311124,,,37.25751,40.60716,57.89579,4.3825149070724825,,513.5604655,0.0,,0.7140601060549511,2.4289132802056117,29.70043,204.35635,19.82627,62.35788,0.3895589686719618,507.12268,,681.59917,,19.497814,32.04409,,36.81749,2126.148982,,0.14950905976970166,378.84022,2450.94922,44.66926,33.85059,513.39557,,31.65991,,50.331394833333334,,95.75131,3.7352353246866663,61.41072,0.1335925258188534,,34.047989666666666,0.0,0.0,0.981632096323942,,905.3035541666667,,,380.01770466666665,0.1064664913301855,47.22795383333333,,,0.09897903956890289,52.69007,29.9381075,,0.03469358832963876,381.84969,152.37998482491318,907.51628,,12.475140000000001,205.00625816666667,205.59149,,0.15191591494298773,12.52051,95.26728466666667,521.0655786666667,,0.24013909245706297,31.8559065,532.46665
2024-09-29 23:00:00,5589.650000000001,30.3,1.0,12.41905,690.36224,31.155782166666665,94.91376,61.723769833333336,,2.0364586218219043,17.5735,1871.25293,34.95689,,,688.205458,516.40795,0.0,,30.22661,903.71082,3.708219663036312,,0.17607916295260087,,,35.45821,42.92064,58.02003,2.912217393062553,,511.7062408333333,0.0,,0.49377759368118956,0.9431951491889209,29.73413,204.62175,17.70616,62.98741,0.1339453757028469,506.15918,,686.16411,,17.650313666666666,33.80983,,29.66026,2002.2963673333334,,0.03150013526829559,378.94266,2185.01318,48.94435,34.70137,513.8584,,33.54129,,51.558787833333334,,95.42209,2.2966165438655124,60.78119,0.1191102628341876,,34.844251166666666,0.0,0.0,1.7563076444104293,,907.006663,,,380.14913433333334,0.05848701916220393,54.51037933333334,,,0.0623827147531402,59.42217,29.960461666666667,,0.033214676380937364,381.3097,66.29734010539428,910.76463,,12.488825166666667,204.977599,205.19039,,1.867131536373099,12.58099,95.13826416666667,519.5646731666667,,0.28118072821640994,33.67721816666667,527.07302
2024-09-30 23:00:00,5700.55,33.1,1.0,12.4195,697.71552,32.06869533333334,95.27251,63.3305755,,2.9788924715106306,18.85271,2184.40012,31.54463,,,695.5531631666668,516.52692,0.0,,30.28732,900.3623,3.5189356184218927,,0.7403344351958923,,,32.19773,39.37402,61.88536,2.8960449507971773,,510.7698331666667,0.0,,0.5893076817338927,1.0105123234809024,29.54919,199.97044,19.75258,64.30871,0.28753220443340133,505.86593,,693.45297,,19.133480833333333,32.81211,,31.85202,2235.251676,,0.22156742871052731,378.17925,2344.25368,43.22507,30.54752,514.71536,,32.62014,,50.28364016666667,,96.36103,2.0779955932030045,62.88582,0.15585721410323888,,31.197534333333333,0.0,0.0,1.3037103251654025,,903.4383321666667,,,379.93504049999996,0.30870797085988905,53.336479000000004,,,0.06175871020340759,59.66814,30.052545333333335,,0.02600892005340916,381.61832,39.92907202989687,905.55756,,12.492257833333333,201.06480433333334,201.90095,,0.08764373599527109,12.5745,95.90095966666667,520.0189216666666,,0.23398738177933864,32.732044333333334,528.73614
2024-10-01 23:00:00,5272.5599999999995,36.1,1.0,12.44518,698.61139,29.997721333333335,95.14438,62.55593016666667,,1.7152158697219664,19.58866,1993.58191,32.12091,,,696.9963696666667,510.00095,0.0,,30.22365,899.74274,3.13112108622475,,0.5089496999091233,,,30.19894,40.47597,56.81776,1.958963364369295,,505.0442008333333,0.0,,0.6319087134944069,0.6569766105296303,29.55331,200.12685,19.88439,63.07683,0.34623665902072165,500.80087,,695.08838,,19.752776833333332,30.67971,,29.8166,2040.8406726666667,,0.09191733160359014,378.32257,2123.18335,44.25526,31.74636,509.90439,,30.40089,,51.15020766666667,,96.66373,1.4949136468800146,62.0424,0.13077430488417022,,31.907597166666665,0.0,0.0,1.3123093939883292,,901.2034291666666,,,379.9580888333333,0.09427888050239767,50.68514716666667,,,0.06024444825583233,53.61723,29.988880833333333,,0.024950380654456473,381.54575,31.426321268105244,905.15499,,12.500373666666666,200.74746216666665,201.5928,,0.08908402028073453,12.55907,95.939291,514.3337425000001,,0.18624386517928845,30.600929666666666,521.5517
2024-10-02 23:00:00,4943.44,37.4,1.0,12.47181,687.50551,27.2881855,94.92447,62.960296500000005,,2.241955166548256,20.59382,1965.83759,30.62203,,,681.5876616666667,511.22957,0.0,,30.48636,898.08453,3.1274327019603354,,1.012380688977694,,,27.42607,49.72741,63.63205,2.443293871399397,,506.6462906666667,0.0,,0.6480181161128772,3.786839679526006,29.6739,202.88937,21.45465,63.4009,0.24125805337636702,502.27736,,673.847,,21.143007333333333,35.14211,,27.04287,2048.354279166667,,0.26066459647175955,378.85468,2127.52747,45.40235,29.24406,509.71907,,34.73011,,56.5958465,,95.9208,1.8569883254781858,62.17761,0.15770812823964775,,30.247916333333333,0.0,0.0,1.1181577783326109,,899.8697046666667,,,380.29414216666663,0.28374165066468665,51.67369333333333,,,0.13185128238055305,55.9884,29.993184166666666,,0.022807411284307126,381.87603,32.48076883330211,902.39077,,12.508367999999999,204.0161545,207.13379,,0.09402377311040143,12.56357,95.43669216666667,515.5195476666667,,0.2307689345763583,34.91188916666667,521.13925
2024-10-03 23:00:00,5770.280000000001,34.2,1.0,12.44739,705.79474,32.136754833333335,97.37498,62.661806166666665,,1.974082450212976,17.38439,2200.73403,31.00653,,,703.6596548333333,514.35622,0.0,,30.33404,903.30719,2.8309161685176156,,0.07338810142536377,,,32.27454,43.00398,58.80406,2.903418568657915,,509.43670399999996,0.0,,0.5009879057557303,1.0184200217611097,29.71087,206.32324,17.77659,63.0103,0.21261672689186886,504.24565,,701.34753,,17.584488166666667,34.88343,,32.00568,2279.3304829999997,,0.12332219311028893,378.32089,2449.49615,43.39291,30.69894,513.6974,,34.19336,,50.323394666666665,,98.28894,1.9845574166824202,61.98016,0.15157311303199303,,30.884926833333335,0.0,0.0,1.3927311481939009,,905.6584978333334,,,380.00655816666665,0.07676116294885038,49.21532466666667,,,0.17368375938138994,55.05602,30.00280916666667,,0.0397405852489896,380.9971,69.07413197770984,908.51619,,12.500966,206.43165116666665,206.62648,,0.07404689470346093,12.66648,97.84814483333334,519.2296116666666,,0.19194390445632342,34.360045166666666,527.85835
2024-10-04 23:00:00,5274.12,36.2,1.0,12.47656,691.69065,34.184518000000004,98.21975,62.709665333333334,,2.140181843774795,18.93125,2149.89781,30.80468,,,686.5744055,510.43903,0.0,,30.2644,905.60654,2.317801380161003,,1.0711446121449408,,,34.42343,49.81403,59.23157,2.256157290599806,,506.06782616666663,0.0,,0.5172392724845217,2.3799144260710974,29.78862,202.80347,19.16056,63.17555,0.14287472293777714,502.19492,,683.31906,,19.057334166666667,36.85575,,34.05914,2205.7003278333336,,0.052220644248558025,378.90689,2257.17454,44.6164,30.39127,510.36777,,36.45387,,54.34614016666667,,98.75167,1.7055533579965059,62.10034,0.10322320569295937,,30.589615166666665,0.0,0.0,0.8779456306370392,,907.0720524999999,,,379.89106883333335,0.12049359235360427,50.31695066666667,,,0.12473612947707552,55.24354,29.99164783333333,,0.015935212519788862,380.97589,26.074418446311967,908.77225,,12.5030955,204.28614683333333,205.56921,,0.09506225401443212,12.53514,98.49099283333334,515.0075443333333,,0.18394339148058383,36.648537166666664,520.72003
2024-10-05 23:00:00,5567.76,35.2,1.0,12.47099,694.56308,29.920322166666665,98.54133,62.66611083333333,,1.5638351856233221,18.55062,2203.78125,30.48743,,,693.2880878333333,509.30958,0.0,,30.30783,900.14731,2.124159146945147,,0.12027336541439088,,,30.16047,47.67031,56.86329,1.6817198386036492,,505.61924949999997,0.0,,0.4899072523641122,0.7342828553872129,29.75576,205.7117,18.82192,63.05322,0.1695245010289806,501.95005,,691.48378,,18.738147166666668,38.07977,,29.69874,2226.6709313333336,,0.04804615225045061,379.17084,2274.77832,45.39927,30.00658,510.23298,,37.75475,,52.53386533333333,,99.26017,1.2694029908054418,62.25486,0.09744772674108745,,30.2426915,0.0,0.0,0.588203728969131,,901.2236488333333,,,379.9908261666667,0.1490266056308355,49.739023833333334,,,0.09394599973668555,52.8498,29.98943266666667,,0.0151348244545874,381.17573,15.800550512439322,902.61001,,12.5000115,205.91678583333334,206.15276,,0.13979247532053626,12.53019,98.95305683333332,514.6528883333333,,0.1763189295652139,37.892942500000004,519.6651
2024-10-06 23:00:00,5630.820000000001,34.9,1.0,12.46952,696.5451,30.393208333333334,98.78024,62.55081566666667,,1.238319629968543,18.41418,2219.32593,31.1603,,,695.6652955000001,508.72781,0.0,,30.2142,900.95953,2.097908415076039,,0.0739772459128833,,,30.52589,48.83632,58.38503,1.5385999785673208,,505.71408816666667,0.0,,0.4114060962505153,0.4750622498029716,29.83186,205.76632,18.77545,62.87295,0.15434726916886654,502.43869,,694.37213,,18.633370666666668,37.71651,,30.31434,2256.9621963333334,,0.10223864282981858,379.02025,2297.58228,47.63404,30.93284,510.46487,,37.60178,,53.121523499999995,,99.4433,1.1283441598478197,62.20908,0.08399399697005544,,31.0570375,0.0,0.0,0.5385218322045793,,902.4279248333333,,,379.99491466666666,0.049141212695344896,50.305778000000004,,,0.03328931982239035,53.51962,30.018068666666668,,0.012950812944838738,380.84862,18.240419422985113,903.74194,,12.49988,205.92811416666666,206.06227,,0.05407534772031726,12.53415,99.04419533333333,515.0435703333334,,0.162571273760433,37.654785999999994,519.01514
2024-10-07 23:00:00,5542.26,36.1,1.0,12.95638,710.29309,31.383162333333335,99.15117,63.02138916666667,,2.10966195006294,17.82557,2106.01988,31.77518,,,709.030619,509.65485,0.0,,30.39275,897.92696,3.3173097995058622,,0.08307347353379421,,,31.61188,40.49449,54.85153,2.4596952472680442,,505.89778133333334,0.0,,0.5727166456533691,0.5048930324695269,29.54566,227.31564,18.11515,63.31076,0.15455321171853542,502.82854,,708.29075,,17.963857833333336,38.74867,,31.04177,2162.0123458333333,,0.06685063558618543,378.88603,2221.14612,42.35578,31.27561,511.31765,,38.29003,,46.998258,,99.84842,1.6662818831742525,62.75277,0.16492302624657304,,31.601117166666665,0.0,0.0,0.9329041553534323,,900.0513808333333,,,380.0514118333333,0.12774693559085099,47.94514916666667,,,0.12832592247239377,51.67145,29.993236333333336,,0.019711538821509514,381.42945,33.94114276639203,901.78467,,13.001290000000001,227.46912466666666,227.63416,,0.14728955897921886,13.03877,99.54031316666666,515.9896733333334,,0.1279180001021778,38.5225225,521.46558
2024-10-08 23:00:00,5394.41,38.5,1.0,12.45535,703.0447,29.405487666666666,97.9729,64.4933595,,2.0092998174957777,18.82855,1821.15386,29.46782,,,699.8267351666667,509.35093,0.0,,30.32892,900.53391,3.1256717823277738,,1.3119443593944988,,,29.58328,46.70109,63.27669,2.330881438029338,,506.0195863333333,0.0,,0.4641472616054459,1.509073276086494,29.06738,225.62018,20.04085,66.12934,0.34236371018483663,502.85276,,697.30948,,19.61125183333333,38.74867,,29.23363,2214.9900169999996,,0.30019844303671156,378.82035,2334.83447,44.14298,29.17909,511.19265,,38.34737,,51.4149115,,99.61048,1.5225206996371556,63.51965,0.2653951772697677,,29.300307666666665,0.0,0.0,0.9297211362609937,,902.6634128333334,,,379.9682253333333,0.08163252003133574,49.9004775,,,0.10340178562028646,54.17284,29.9540935,,0.10859831700205047,380.85237,94.73340773908669,904.43872,,12.524635499999999,227.7172676666667,229.20183,,0.0982591438168235,13.01031,99.000914,515.766646,,0.7887053931654304,38.472333166666665,521.25256
2024-10-09 23:00:00,5614.74,36.3,1.0,11.99887,705.13304,31.249608666666667,99.77974,63.28037966666667,,2.122422652169831,18.48582,2256.56506,30.52589,,,704.0317011666667,511.08572,0.0,,30.1708,897.73001,3.7614266197162367,,0.11201031425606713,,,31.3717,41.87656,62.23802,2.683696639126143,,505.78628199999997,0.0,,0.6127561599363713,0.5473623253666042,29.6477,226.75108,18.75646,63.65414,0.2895502481109314,501.15779,,702.82956,,18.620785,37.00882,,31.1603,2337.770107,,0.06696565462981643,378.4498,2421.99998,41.59027,30.35281,509.07412,,36.64526,,52.4111105,,101.05363,1.7289996825614613,62.75277,0.1390538043664585,,30.446295,0.0,0.0,0.487737233686049,,899.0835068333333,,,379.91410583333334,0.048721286980999215,47.44172733333333,,,0.12998696971582704,52.36365,29.934152833333332,,0.09656023768966086,380.82957,40.3435938147149,900.27643,,12.163089166666667,226.9094555,227.14014,,0.06314276826868327,12.351,100.2102095,515.8132565,,0.17805625620226959,36.829120833333334,524.66508
2024-10-10 23:00:00,5350.41,37.2,1.0,12.9535,691.96907,31.740756166666664,101.88113,63.14938216666667,,1.8872501426619916,18.07399,2099.05176,27.65738,,,691.2969876666666,508.7679,0.0,,30.29002,900.06543,3.3201342376512493,,0.10711324601851328,,,31.88723,43.49477,61.3205,2.231381699112119,,505.46012750000006,0.0,,0.5643339180689297,0.2778625142371589,29.57993,219.77634,18.27709,63.49104,0.07566071534374541,501.4801,,690.69629,,18.182383333333334,36.91316,,31.62148,2143.8236661666665,,0.048449334104210505,379.28369,2196.31006,45.66164,27.46463,508.83481,,36.60699,,54.63417116666667,,102.27472,1.3781567256987002,62.57821,0.14460918365082528,,27.543751666666665,0.0,0.0,0.8229475240437855,,901.8771741666666,,,380.0800918333333,0.03577289738063755,50.890859500000005,,,0.08480410348042673,55.39981,29.966047333333332,,0.018287910331522054,381.39725,27.40381067713003,903.70174,,13.002456333333333,219.9594845,220.15237,,0.049902506308841396,13.04299,102.09685333333333,515.0736371666667,,0.16607008995174807,36.768357,520.37369
2024-10-11 23:00:00,5276.650000000001,39.8,1.0,12.95731,701.63434,31.116650666666665,101.36619,65.05756433333333,,1.815288877106275,16.90221,2151.73273,25.49356,,,699.8874016666666,507.83618,0.0,,30.30447,899.64014,3.8518071430165812,,0.40824359531649784,,,31.42934,42.94379,62.16625,2.4730417580479775,,504.3918291666667,0.0,,0.31111107313715747,1.2105400397780106,29.56514,219.45547,17.56996,65.37962,0.24175468306683667,499.97836,,697.33331,,17.304565833333335,35.79337,,30.66048,2189.975091,,0.21120204579206203,379.34515,2249.00415,45.40467,24.99466,507.99646,,35.19001,,52.30869283333333,,102.33036,1.64089226564757,64.77012,0.1826237944812617,,25.238757833333334,0.0,0.0,0.6095029330139187,,900.8410299999999,,,379.9578645,0.15864170726847365,50.28291,,,0.20052685825320768,54.05516,29.949103333333333,,0.0193042324945434,380.81143,23.661077377681092,902.03931,,13.002281,220.511425,220.88139,,0.25384391856565675,13.04326,101.908535,514.2889646666666,,0.11810042224075835,35.54321266666667,519.40588
2024-10-14 23:00:00,5597.36,36.7,1.0,12.40703,706.70374,31.817573666666664,101.2407,64.60367000000001,,3.1274804424905547,17.10414,2155.26314,31.35248,,,704.2583313333333,507.17616,0.0,,30.39099,895.32761,4.160994004583408,,0.1663994505419169,,,32.11131,33.46606,58.4597,2.8546748779651026,,503.64760766666666,0.0,,0.5189736249145502,1.4961404505191562,29.60482,224.31603,17.62893,64.98259,0.3723475261847499,497.33859,,701.38932,,17.326885333333333,38.5767,,31.63109,2283.3475838333334,,0.1616804583588947,378.97379,2383.81541,42.52825,31.08341,504.51648,,38.32825,,46.3543035,,102.86204,1.9130538861649287,64.0662,0.1587442801955466,,31.19246,0.0,0.0,1.0055702524912953,,897.3032121666668,,,380.051337,0.06721966424355971,48.774405333333334,,,0.07217442862558748,56.84785,29.962046333333333,,0.02993244232202883,381.03024,43.587436192200784,898.94213,,12.499350166666666,224.66660516666667,224.94909,,0.16379468113885812,12.56609,102.09150983333333,513.3858578333334,,0.17503066694008915,38.42470316666667,519.72565
2024-10-15 23:00:00,5559.290000000001,36.7,1.0,12.46495,708.90495,29.88408466666667,101.57404,64.12184116666667,,1.8156563269060324,18.80366,2204.96448,30.62203,,,705.4494535,506.83722,0.0,,30.38877,896.89961,2.7312728291592108,,0.6527689219085797,,,30.19894,41.56867,53.90893,2.190795884559121,,503.0758888333333,0.0,,0.675182422346874,2.2568978132758355,29.71254,224.09209,19.13773,64.40958,0.2681962958862231,499.26315,,701.87335,,18.933304500000002,37.67826,,29.5448,2238.0176148333335,,0.08160750572877162,378.41574,2276.76758,40.81223,30.16047,506.83722,,37.29576,,46.67654483333333,,102.56514,1.5058283116713,63.76574,0.12116408106633558,,30.45287216666667,0.0,0.0,0.42661046980097944,,898.0012995,,,379.8402075,0.12978913594935657,44.68418,,,0.08981271377841346,51.97761,30.051054833333335,,0.019089936648478658,381.35227,16.917222357082878,898.88684,,12.496800333333333,225.10125266666668,225.93851,,0.1714042624953706,12.53259,102.05565816666667,512.1844343333333,,0.15546218578960205,37.505117166666665,517.91345
2024-10-16 23:00:00,5604.1,36.9,1.0,12.45726,704.26416,28.542253666666667,101.428,55.496017333333334,,2.1606902986509398,16.91529,1859.70728,30.77584,,,702.0640565,507.30106,0.0,,30.43011,887.69684,3.81095723896929,,0.7716766962901058,,,28.81328,39.1564,54.1358,2.7667629706697165,,503.6961258333333,0.0,,0.390993767603136,0.941853535846225,29.66091,223.4593,17.43558,56.00534,0.2731756333242698,498.107,,700.49509,,17.164558333333332,37.33402,,28.0717,1912.3650268333333,,0.14865161962627094,378.90158,1961.51697,37.43171,30.07391,505.08571,,37.02795,,46.52788866666666,,102.57042,1.7200961203564704,54.97234,0.1239556376927619,,30.437215,0.0,0.0,0.9958477437949008,,889.5945741666667,,,379.9164535,0.17097314153725693,41.809832666666665,,,0.06301255660423952,49.34562,30.062971666666666,,0.01834500207418079,380.86609,24.911543502949222,892.13623,,12.4972515,224.97179599999998,226.14471,,0.2530146101694702,12.55249,102.0176045,513.6566723333333,,0.23432766245020897,37.15823683333333,520.40045
2024-10-17 23:00:00,5489.19,37.8,1.0,12.95878,694.80188,29.684311666666666,99.86877,55.17483716666666,,0.9400116515255011,15.93368,1705.19601,31.69833,,,694.1501893333333,504.98114,0.0,,30.53372,889.36871,3.9310112483159796,,0.29794003877075476,,,29.77571,35.4894,52.44081,1.4010747718924295,,503.378833,0.0,,0.893588512360062,0.32906177337672626,29.79661,223.85507,16.33057,55.49027,0.5888229494906525,500.13898,,693.46487,,16.078088,37.98418,,29.62177,1751.7077756666665,,0.11428129606295742,378.74405,1789.38745,41.22257,31.39091,507.27896,,37.01838,,41.593182166666665,,101.68535,0.8386193052895962,54.59748,0.12577236721688445,,31.5337925,0.0,0.0,2.368632585094705,,896.4508406666666,,,380.36885449999994,0.0897452102989891,43.03049716666667,,,0.2596677150489292,46.4364,30.0218185,,0.014082891470686355,382.14615,20.36514193220372,899.05267,,12.995875166666668,224.580513,225.03818,,0.039342527607298484,13.02123,100.76340350000001,512.5961226666667,,0.15629815695685273,37.7579395,515.21075
2024-10-18 23:00:00,5474.01,37.6,1.0,12.90378,702.35146,30.428424,101.40671,55.5699875,,1.0456886101995255,19.07075,1745.29787,24.91739,,,699.5512688333333,506.48038,0.0,,30.5803,899.51753,3.845443211833106,,0.2557705069887892,,,30.5355,35.41069,52.89437,1.4152244283886635,,504.15248833333334,0.0,,0.6451540838169034,2.267375378510334,29.4631,224.4431,19.40706,55.97959,0.2539298809102062,502.26601,,695.54208,,19.216968833333333,35.87954,,30.23741,1813.9657346666668,,0.07228287923719878,378.26704,2050.3855,39.54185,24.56962,511.20422,,35.64974,,41.588983500000005,,102.66554,0.8424723223400519,55.21556,0.2255796038266732,,24.7523405,0.0,0.0,3.262453237515762,,906.3114676666667,,,380.00642433333337,0.11819413693085773,42.024561999999996,,,0.06027393847504658,44.19854,30.00341866666667,,0.05442495052822758,381.23523,66.61032069763469,914.34146,,13.002452,224.97043433333334,225.37981,,0.08965251796212428,13.1808,101.96767750000001,513.9855526666666,,0.1826560384023207,35.774019833333334,518.16229
2024-10-19 23:00:00,5361.04,38.4,1.0,12.95419,702.78174,32.22219866666667,101.45968,65.71451783333333,,2.35302260796309,19.24213,2076.85506,27.92719,,,699.4648788333333,506.37332,0.0,,30.29237,897.99362,3.2109171165941968,,0.15256748226620812,,,32.58175,42.77248,54.71803,2.2471506992609287,,503.6038921666667,0.0,,0.6130514837026784,1.4208633635486863,29.6476,219.89798,19.68403,66.06638,0.1714882936205815,500.52333,,696.90338,,19.431795166666667,35.53482,,31.84241,2135.3484983333333,,0.09307809432055045,378.73663,2181.89844,42.40786,26.77045,508.587,,34.92814,,48.183597166666665,,102.24577,1.489690552164131,65.27375,0.1344918890856642,,27.270649166666665,0.0,0.0,0.8878140464246116,,899.9050431666667,,,380.11445333333336,0.4076527817669632,47.483369,,,0.19377551733288867,52.99565,30.001152,,0.02058350649301564,381.50366,27.30945912071914,901.40118,,13.000858333333333,220.13340916666667,220.37924,,0.2178376390681888,13.04889,101.8930495,513.235991,,0.17245815906308162,35.227539,517.45135
2024-10-20 23:00:00,5535.53,36.1,1.0,12.96453,701.58655,34.0452435,101.40226,65.397249,,2.615783681841906,17.83219,2108.24042,28.26437,,,698.996231,507.03307,0.0,,32.29433,900.41766,3.2986522189729452,,0.07303049796795023,,,34.34674,39.98055,54.67173,2.296223670946178,,503.67110683333334,0.0,,0.451273759772343,1.8107386354732156,31.68946,220.03712,18.20619,65.81744,0.32183148672983397,501.29996,,694.37213,,18.064458166666668,37.20969,,33.27269,2169.1878853333333,,0.09455516521831776,378.50198,2250.17582,44.13372,27.85975,509.3874,,36.95142,,46.338422666666666,,102.59244,1.501761611674779,64.65852,0.12229821598023803,,28.0903805,0.0,0.0,0.9792106010839081,,902.2656016666666,,,379.97382550000003,0.10357340109796392,50.23209833333333,,,0.06602729705389697,55.82751,31.974840500000003,,0.01982820394668678,380.86953,32.88222306890182,904.24551,,12.999391666666668,220.18216933333332,220.31937,,0.3477502515361833,13.04742,102.04978633333333,512.8218196666667,,0.21611883208557955,37.07952383333334,517.83831
2024-10-21 23:00:00,5653.06,35.7,1.0,12.9732,701.3714,28.346718666666668,101.70182,65.2198715,,0.7279357515391707,16.58989,2069.60437,29.46782,,,699.4112618333334,504.15984,0.0,,32.21441,899.41533,1.8341868884506172,,0.12572241319086033,,,28.38958,43.18919,50.76473,0.6946000309972273,,503.11933366666665,0.0,,0.6835109865492028,1.1234201729260438,31.85262,219.73528,17.03883,65.53415,0.18529108701104516,501.15834,,696.04361,,16.857174,36.13802,,28.274,2101.4718108333336,,0.15325980979690465,379.36063,2130.07977,41.58834,29.19834,508.63863,,35.95613,,46.7137795,,102.40486,0.47675883030926863,64.39813,0.08292183986797715,,29.283158833333335,0.0,0.0,0.6796512894248569,,901.1562363333334,,,380.4248043333333,0.06104851277611194,44.4448265,,,0.056352858999103486,46.8614,32.02117316666667,,0.012564867480489138,382.25812,15.759233223367733,902.52238,,12.998083666666666,219.92962333333335,220.19619,,0.04051975046632234,13.02629,102.06571283333332,511.27550383333335,,0.18412850514297505,36.028732500000004,512.71014
2024-10-22 23:00:00,5407.93,37.3,1.0,12.9642,707.46332,30.198310666666668,101.56022,65.57219333333333,,1.8182985284603959,17.48113,2084.45584,29.91039,,,706.0717755000001,507.2585,0.0,,32.40761,894.05609,2.8208368452340373,,0.17004540924028688,,,30.34319,39.587,54.66074,2.1178957069369972,,503.37720783333333,0.0,,0.5274989085450742,0.8445808050340787,31.6737,220.08203,17.84624,65.92903,0.27621451826658544,499.32064,,703.63054,,17.621397833333333,37.60178,,30.06429,2148.71835,,0.07411221288435271,378.98566,2182.58594,45.95217,29.58328,506.58141,,37.36271,,45.8601535,,102.59345,1.4005313846635048,65.15643,0.17260794013657557,,29.714172833333336,0.0,0.0,0.9220706835885405,,895.9771076666667,,,379.9629841666667,0.09368151817603994,51.08887766666667,,,0.06186872270297793,55.04213,32.01392533333333,,0.0164439880132427,381.0258,21.48099334558098,898.32377,,13.0016765,220.39791883333334,220.63832,,0.07720817094430288,13.03805,101.97887266666666,512.4549958333333,,0.1691886438636714,37.4499355,518.39273
2024-10-23 23:00:00,5762.0199999999995,35.4,1.0,12.95456,711.96886,31.634343166666667,101.38029,67.56829450000001,,3.3433751617480105,18.37056,2200.81616,28.38958,,,710.3445566666667,508.51385,0.0,,32.44761,898.3111,3.499659865326105,,0.31657069950940914,,,31.8136,39.36475,54.13464,2.6205971760353557,,504.52789616666666,0.0,,0.8131334252304547,1.086850589118193,31.7687,219.76367,18.83201,67.95498,0.37531935166601765,499.4944,,707.88197,,18.61510483333333,34.3084,,31.54463,2259.794909333333,,0.13062944460678394,378.62384,2367.09496,41.63754,28.23547,506.70959,,34.03996,,45.834855499999996,,102.79265,1.7511381649117486,67.16521,0.179323430039101,,28.309436166666668,0.0,0.0,1.869203130164035,,901.3845786666666,,,379.95867633333336,0.05481540270026378,47.124651166666666,,,0.06880830286829662,54.97191,32.13425983333333,,0.027160075935654334,383.7359,35.50509601941995,905.20892,,12.9969515,220.25852949999998,220.76177,,0.068729428391994,13.06843,101.95885849999999,513.8051271666667,,0.1852199086329076,34.13573433333333,520.08081
2024-10-24 23:00:00,5523.6,37.3,1.0,12.94596,710.67609,30.466117333333333,100.99314,67.72282666666666,,2.2303312906767347,16.99014,2156.82329,27.58029,,,709.1084116666666,507.55081,0.0,,32.33606,898.77638,3.0829118020515565,,0.3908392002005818,,,30.67971,35.82739,51.46947,2.6595701493902584,,503.27054183333337,0.0,,0.7613188788039426,1.06852782665348,31.4864,218.58389,19.77658,68.09233,0.31870958595946625,500.08575,,706.32098,,18.393779,37.181,,30.27588,2203.903741666667,,0.8456452061154875,378.4625,2318.80023,45.00532,27.29112,508.15723,,36.91316,,44.48510983333333,,102.39876,1.732965366044613,67.1137,0.1855049689151311,,27.469538166666666,0.0,0.0,1.1148153473858229,,901.299044,,,379.96916066666665,0.07485087177218537,50.90444333333333,,,0.07712293674134581,55.14978,32.009184,,0.031088209131528172,381.75094,40.373129615334754,903.15676,,13.001705666666668,219.62312633333335,220.14685,,0.139433349351622,13.08943,101.6082415,512.6516933333334,,0.20315263926306532,37.0314825,519.47699
2024-10-25 23:00:00,5508.36,37.7,1.0,12.95912,706.93097,27.914937000000002,101.32446,73.59701683333333,,2.811617081382826,18.26551,2259.39124,30.35281,,,705.8920325,507.30106,0.0,,32.42799,900.80371,3.518041279205022,,0.9545582954560641,,,28.47626,40.00486,57.92376,2.4117483211383726,,503.47428666666667,0.0,,0.8911616576772723,0.5711222613879698,31.62369,213.53003,18.90683,74.0135,0.29026963652827964,498.86966,,704.88593,,18.620514500000002,38.36648,,27.69593,2338.5446135,,0.17859620957908887,378.2789,2431.70996,44.69742,29.77571,506.15918,,37.793,,49.705246,,102.63196,1.7607037120555737,72.76231,0.17415567130302143,,30.005745333333333,0.0,0.0,0.384439683295704,,901.6289341666667,,,380.0371866666666,0.1363336800531606,52.86817816666667,,,0.1747324267801295,57.33285,32.03868933333333,,0.025220762182306993,381.87382,41.783063715516086,902.59754,,12.998149166666668,214.71805116666667,216.59868,,0.15669132366816438,13.05831,102.0854775,512.0877531666666,,0.21794759885287765,37.968691,516.81134
2024-10-26 23:00:00,5906.44,36.3,1.0,12.91433,730.52951,31.4587175,101.0466,73.35215466666666,,2.071859502690037,17.65496,2448.84619,30.38166,,,728.7037783333333,507.72916,0.0,,32.41233,906.1359,3.4688493981555526,,0.1859025239156006,,,31.85202,39.27215,55.01667,2.2776326468610053,,503.896694,0.0,,0.48596213535097865,1.1358288627749171,31.68954,191.07045,18.70266,73.67226,0.2885264417919233,499.19752,,726.44781,,18.157829666666665,39.70365,,31.08341,2601.9495455,,0.33156440927035946,379.10669,2728.80952,49.11161,29.81419,506.99788,,35.03673,,47.1637465,,102.05425,1.458697962672797,72.83528,0.1553307356530934,,30.040473666666667,0.0,0.0,0.698535872996304,,908.0084501666666,,,379.9755401666667,0.18253304545926244,53.43582333333334,,,1.8345375423030263,57.99496,32.06005566666666,,0.02536306773748911,381.05774,67.73990946887845,909.63782,,12.997838166666666,191.28363133333332,191.86344,,0.2398355498918995,13.04215,101.57607933333334,513.8903606666667,,0.16175829700216068,37.78788833333333,520.17345
2024-10-27 23:00:00,5610.77,37.6,1.0,12.96192,716.9989,32.3800375,101.38787,68.10599516666667,,1.9710076645407237,20.90015,2087.4928,32.45696,,,711.9222599999999,506.51608,0.0,,30.24657,905.44028,2.800024278501778,,1.102229063775829,,,32.46656,40.19817,57.47755,2.404486589984277,,503.7004091666667,0.0,,0.7425575179398355,4.288774907326998,29.59016,218.35613,21.56819,70.31787,0.1441417599421102,499.26315,,704.21631,,21.127075166666668,34.46177,,32.27694,2148.030391,,0.15032179213772517,378.57249,2216.58643,48.5097,32.23614,507.05133,,34.15502,,48.5257365,,102.14571,1.7946480188362373,66.50205,0.1601502905111924,,32.331070499999996,0.0,0.0,1.305728349095665,,908.3892451666667,,,380.3862855,0.06511280085619948,51.992397833333335,,,0.06887889823455706,57.87804,29.968384833333335,,0.019846957967531845,382.17087,27.602340515459726,910.6557,,13.000765333333334,219.4920081666667,221.98054,,0.05042836125701121,13.03343,101.78301966666666,513.1568508333334,,1.091191220139767,34.33198983333333,517.27132
2024-10-31 23:00:00,5864.17,35.5,1.0,11.95533,727.0719,32.34791433333333,98.33333,62.477846500000005,,3.03192916465084,16.37074,4535.19299,31.65511,,,724.9012416666667,509.07148,0.0,,30.31228,889.90308,4.292572834681663,,2.8235406431769436,,,32.50496,44.05964,62.80385,3.7470198115681512,,503.5635438333333,0.0,,0.5764148619603217,1.212391150562975,29.4899,194.09396,16.8002,63.50177,0.257390107519116,497.43842,,722.27906,,16.558517000000002,35.60186,,32.23614,4581.311350666667,,0.09833211966061069,378.70514,4617.41748,38.46942,31.42934,506.83722,,35.23072,,51.188177333333336,,99.57986,2.609707787385917,61.91148,0.1970232314366372,,31.542281166666665,0.0,0.0,6.461479529826306,,902.5258886666667,,,380.02249166666667,0.04676298862771306,46.960831999999996,,,0.10035673050261369,56.64703,29.94023716666667,,0.024393709165774935,380.93326,18.860370447625918,911.8996,,12.002198499999999,198.58620583333334,203.39223,,0.06362322769977775,12.06599,98.97993766666667,514.9781026666667,,0.28885704494258757,35.372945666666666,523.24908
2024-11-01 23:00:00,5606.599999999999,38.1,1.0,11.94306,698.01113,32.39875966666667,98.5455,64.80167383333334,,2.19247315163382,19.92512,2278.50165,31.42934,,,695.1647586666667,511.50803,0.0,,31.29599,894.97552,4.505973178501585,,0.10921711448117497,,,32.46656,40.66117,61.80433,2.463024516313174,,506.5087058333333,0.0,,0.7908841027601695,1.392632645945876,30.60334,215.465,20.78899,65.19506,0.2133093456185648,502.58798,,691.42416,,20.413815333333332,35.45821,,32.32255,2336.6411583333334,,0.29304454581529227,378.43996,2415.44702,46.60096,31.23717,509.94003,,35.1924,,53.400261500000006,,99.35503,1.7776281225018487,64.02971,0.13706773453966467,,31.3124015,0.0,0.0,2.9044442126398184,,904.6016195,,,380.2100075,0.04857009294020933,51.572645666666666,,,0.06920562801645966,57.39343,30.995284166666668,,0.020162088574300883,382.03973,35.310583093145105,907.57849,,11.9940325,215.679804,215.89075,,0.03641891299332986,12.03929,98.9594915,515.8916116666667,,0.2177680649580312,35.346700000000006,522.60117
2024-11-02 23:00:00,5908.25,35.2,1.0,11.94305,715.03438,31.0270835,98.22775,70.52552633333333,,2.5319443178228176,19.17031,2515.38818,30.85274,,,712.2888381666667,509.87273,0.0,,32.47174,900.13549,4.939772111555046,,0.07426842814098351,,,31.12186,40.6114,66.97842,2.242341313536787,,506.7328396666666,0.0,,0.6399554956721485,1.2217537418663351,31.60141,215.06728,19.72209,70.95312,0.43793270362780723,503.23111,,709.67078,,19.5525665,34.3084,,30.92964,2599.8368735,,0.14480634852204358,378.48209,2671.64175,46.2975,30.62203,512.2554,,34.11666,,51.5065475,,99.7987,1.5918687658582735,70.01526,0.16099882733360607,,30.719484166666668,0.0,0.0,0.9366554093983875,,901.931568,,,380.12136216666664,0.057305956157785255,52.452752000000004,,,0.05342554798911714,57.62108,32.0082265,,0.024202327826128335,381.49298,37.985032210166075,904.13175,,11.996173,215.25656533333333,215.37429,,0.06710743392160406,12.04093,98.95987483333333,517.008384,,0.1892176995426888,34.20586516666666,521.78612
2024-11-03 23:00:00,5976.24,35.5,1.0,11.95603,712.68713,30.6855575,98.86105,70.18718949999999,,2.1617651830048734,16.7877,2603.13278,29.39083,,,710.2867721666667,509.92645,0.0,,32.30964,897.38037,5.587738823898813,,0.09016267066074628,,,30.77584,45.32364,67.06987,2.035425690490023,,506.7286316666667,0.0,,0.5215897672710943,1.0635998037813854,31.62621,214.68692,17.50559,70.5239,0.5280907925235224,503.44303,,707.85211,,17.223363,36.33903,,30.58357,2656.813392833333,,0.2131109679136299,378.99108,2732.50931,51.06376,28.31253,511.92614,,35.45821,,56.23149916666667,,100.93279,1.4657548366605435,69.8307,0.1477814143772439,,28.995599666666667,0.0,0.0,0.8777937154436444,,898.9362943333333,,,379.9402263333333,0.4057447991749445,55.84212566666667,,,0.23350528122718509,60.90263,32.0181345,,0.020765432773646182,381.16159,29.472984298635208,901.28284,,12.000373166666666,214.858043,214.97964,,0.04869086002091324,12.05106,99.90722099999999,516.8226718333333,,0.14674377444046421,36.086405166666665,521.15004
2024-11-04 23:00:00,5908.94,36.4,1.0,11.9328,719.4946,31.604688333333332,98.87007,70.3022695,,2.1298154649857617,19.3628,2537.04163,29.59291,,,716.6278981666667,511.57928,0.0,,32.28977,902.16003,5.056730068146781,,0.254923528130436,,,31.88083,41.46796,67.88881,2.793813557727197,,506.382649,0.0,,0.6532003983956871,1.5805032580104215,31.72672,214.76444,19.76397,70.78787,0.28044037565211916,503.11249,,713.16608,,19.505173833333334,37.181,,31.36209,2640.2901753333335,,0.1033663123185889,379.00652,2732.75769,49.35179,29.27534,512.29778,,36.81749,,54.650549500000004,,100.07278,1.9881922210114595,69.75558,0.1349154481464594,,29.419096333333336,0.0,0.0,0.5377693070389423,,903.1210296666667,,,380.1894203333333,0.08489622518542918,55.60779916666667,,,0.10587813030798009,59.91296,31.996291499999998,,0.025370652757781508,381.53486,43.19147797244301,904.45638,,11.997147,215.20504433333332,215.50305,,0.17065808322507248,12.06158,99.48669583333334,516.7410156666667,,0.20458862381535645,37.01300066666667,524.30383
2024-11-05 23:00:00,5689.53,38.8,1.0,12.95157,719.97101,27.946392499999998,99.07428,74.79839566666666,,1.9068859244910292,18.22553,2601.26773,29.73723,,,718.0613216666667,513.05502,0.0,,32.3,895.51819,5.38590834811988,,0.5457498386750688,,,28.06207,40.7613,67.33957,2.1670625697637114,,510.36701216666665,0.0,,0.6424638133922612,1.4455236619279928,31.56748,200.65552,18.72639,75.2003,0.2969798956099446,505.38939,,715.32178,,18.421986,36.95142,,27.88865,2679.004079,,0.13195474391379566,378.51648,2757.99854,57.54294,29.42932,513.83818,,36.79835,,56.37055983333333,,100.16659,1.6128087413746768,74.26674,0.15996430440900342,,29.546065166666665,0.0,0.0,4.302417641851434,,904.4352765,,,380.1484796666667,0.06470943238009993,62.75954483333333,,,0.04061130668692018,66.59567,31.958237166666667,,0.02171339396254965,381.25998,42.83737169588612,911.22107,,12.9988335,201.74111616666667,202.30428,,0.049913894829337634,13.0472,99.74342366666666,520.2681236666666,,0.2069270645794771,36.89297216666667,524.09106
2024-11-06 23:00:00,5883.42,38.7,1.0,12.94538,722.24908,30.628824833333333,100.33549,75.45254700000001,,1.6878873236830203,20.41516,2697.36182,30.27588,,,719.9172854999999,513.27756,0.0,,32.28679,900.02956,4.219965339295404,,0.22686338527840208,,,30.69894,46.24097,67.26318,1.442538952196201,,510.52777249999997,0.0,,0.6889828026281655,1.2423628701498326,31.56303,206.47147,20.67966,75.88707,0.368903019496856,508.35325,,716.73541,,20.524684166666667,34.34674,,30.55473,2796.712696666667,,0.06941700266228618,378.49411,2892.45958,57.76461,30.122,517.65544,,34.23171,,58.87409616666666,,101.53472,1.0954049355446749,74.69167,0.17136076827842484,,30.198032,0.0,0.0,1.7430646319688858,,902.7304738333333,,,379.9629975,0.04294421331156498,61.798251,,,0.030956080039508203,65.23578,31.962919666666668,,0.023411151657296084,381.91863,44.31049953967775,906.65228,,12.999808666666667,206.75291783333333,207.2267,,0.039656152128850895,13.06142,100.926834,520.6833836666667,,0.2738254341995479,34.27133033333333,524.11971
2024-11-07 23:00:00,5857.13,37.9,1.0,12.94664,721.7934,29.825038166666666,100.55265,75.233355,,1.3741615935950744,20.30725,2649.85254,30.31434,,,719.6263655,514.60583,0.0,,32.23561,897.77344,5.7232481005652085,,0.3103566240410943,,,30.00658,43.48551,67.50104,1.8921546772521998,,510.789521,0.0,,0.6607619939275292,1.33066727198178,31.67241,204.54608,20.50512,75.50935,0.2836725124271818,508.22855,,716.95093,,20.405145,34.11666,,29.66026,2725.6808316666666,,0.05197210452880065,379.11542,2818.91455,59.65772,30.04506,516.23044,,33.9249,,56.67199933333333,,101.61219,1.3684460188330339,74.85693,0.13592241492716578,,30.192097999999998,0.0,0.0,1.261136011077655,,899.8567173333333,,,379.8877225,0.10004629004547824,63.514780333333334,,,0.06316611986019476,65.65076,31.931130166666666,,0.022618258648573787,381.8779,35.95744599093872,902.80688,,13.004828333333334,204.90121050000002,205.53744,,0.09983208335036084,13.04394,101.02167516666667,520.2657103333333,,0.16198484625190698,33.99937366666666,525.40277
2024-11-08 23:00:00,5811.28,36.3,1.0,12.9572,718.65257,29.2336055,101.66696,75.10304983333334,,2.3284860474095823,19.97941,2696.60924,28.23547,,,715.929598,516.04393,0.0,,32.31091,904.18451,2.0395720641188104,,1.6608473544772158,,,29.38842,57.97759,66.76718,2.345859313952678,,511.2393706666666,0.0,,0.7078559590533594,2.154864746536725,31.73547,188.90152,20.36216,75.4514,0.20623477471015203,508.02309,,712.49561,,20.179696,33.42379,,29.12134,2763.154425333333,,0.09414042645008179,378.96805,2887.01237,60.74289,28.08134,514.65327,,33.18635,,62.507096833333335,,102.4173,1.8074261989545712,74.59724,0.12152320628617995,,28.146295333333335,0.0,0.0,1.1493405324063914,,906.3036681666667,,,379.99313566666666,0.0480228533684699,67.6724895,,,0.03841943477998926,71.98641,32.00623516666666,,0.024898863120984188,382.06747,44.658774740507724,909.35874,,13.000716833333334,191.7077285,193.82022,,0.06532517606987075,13.05437,102.02344450000001,519.0815341666666,,0.17948194647412707,33.320327999999996,525.27554
2024-11-09 23:00:00,6074.320000000001,38.2,1.0,13.04699,733.84503,32.27454,102.02615,63.14765,,0.0,16.39198,2688.70801,28.8518,,,733.84503,513.11078,0.0,,32.05193,897.1416,0.0,,0.0,,,32.27454,46.02278,46.02278,0.0,,513.11078,0.0,,0.0,0.0,32.05193,198.49951,16.39198,63.14765,0.0,513.11078,,733.84503,,16.39198,38.13712,,32.27454,2688.70801,,0.0,378.81348,2688.70801,54.3754,28.8518,524.44568,,38.13712,,46.02278,,102.02615,0.0,63.14765,0.0,,28.8518,0.0,0.0,0.0,,897.1416,,,378.81348,0.0,54.3754,,,0.0,54.3754,32.05193,,0.0,378.81348,0.0,897.1416,,13.04699,198.49951,198.49951,,0.0,13.04699,102.02615,524.44568,,0.0,38.13712,524.44568
2024-11-10 23:00:00,6147.58,36.7,1.0,13.04699,733.84503,32.27454,102.02615,63.14765,,0.0,16.39198,2688.70801,28.8518,,,733.84503,513.11078,0.0,,32.05193,897.1416,0.0,,0.0,,,32.27454,46.02278,46.02278,0.0,,513.11078,0.0,,0.0,0.0,32.05193,198.49951,16.39198,63.14765,0.0,513.11078,,733.84503,,16.39198,38.13712,,32.27454,2688.70801,,0.0,378.81348,2688.70801,54.3754,28.8518,524.44568,,38.13712,,46.02278,,102.02615,0.0,63.14765,0.0,,28.8518,0.0,0.0,0.0,,897.1416,,,378.81348,0.0,54.3754,,,0.0,54.3754,32.05193,,0.0,378.81348,0.0,897.1416,,13.04699,198.49951,198.49951,,0.0,13.04699,102.02615,524.44568,,0.0,38.13712,524.44568
2024-11-11 23:00:00,5984.33,32.4,1.0,12.95024,720.40259,31.144176833333333,102.41285,71.13439516666668,,1.7045008273848061,18.6694,2567.06787,32.66814,,,718.6343870000001,514.41592,0.0,,32.39982,901.44357,4.428566069569626,,0.5037227682304983,,,31.46777,40.15187,59.37355,1.9158676017070255,,510.1606048333333,0.0,,0.6386158335595007,0.8435655939256018,31.7685,210.07455,20.04185,71.62915,0.2977931270485788,507.76483,,716.9989,,19.241609999999998,36.37731,,30.96808,2657.3319388333334,,0.4669287338356397,379.0238,2791.61316,50.18906,32.23614,515.45625,,36.10612,,48.662305833333335,,103.40557,1.3207272007823638,69.84357,0.14644694871096353,,32.417446,0.0,0.0,1.5292015824414193,,903.775319,,,380.18650499999995,0.11762883965814849,56.927809333333336,,,0.07825566333470058,60.20928,32.03341283333334,,0.02150545510613577,381.72433,51.40548313136725,906.46472,,13.001748,210.57730366666667,211.46135,,0.1450026308877863,13.0509,103.0513775,519.0650373333333,,0.34954736517384044,36.252780333333334,525.5414
2024-11-12 23:00:00,6067.85,37.3,1.0,12.94962,731.89873,28.721634333333334,102.51681,74.23365383333334,,2.679000774429928,21.20195,2716.35571,30.75662,,,728.2116575,513.78077,0.0,,31.44415,896.30762,4.236713257209609,,0.6424473091332213,,,28.8903,40.49449,57.46828,2.3053935318949716,,510.3382598333334,0.0,,0.6071392396032932,1.5787053914613722,30.77851,188.94273,22.33678,74.47921,0.19529879357069735,506.02238,,726.2558,,21.843988000000003,35.95613,,28.31253,2810.0073545,,0.33374505258467624,378.98059,2902.72559,47.14171,28.717,513.90593,,35.72635,,47.9336375,,103.27232,1.6812242382985005,73.96413,0.14398630507147375,,30.331515666666668,0.0,0.0,1.0428259374678357,,898.1627544999999,,,380.07673016666666,0.41887912722118514,53.781832666666666,,,0.04799259759893639,59.68608,31.084614,,0.026868333014066582,381.62838,46.96769571192139,900.83084,,12.998382166666666,189.831321,191.1881,,0.12594044863046547,13.05742,102.88664399999999,519.5527046666667,,0.12747122256949578,35.852918333333335,524.57477
2024-11-13 23:00:00,6115.92,35.8,1.0,12.94205,727.82805,29.597288666666667,102.5515,74.25386266666666,,2.375158728058134,21.12487,2773.68945,29.81419,,,726.7572693333333,514.31196,0.0,,31.59853,882.19455,3.5232569345826525,,0.1847007982691124,,,29.73723,40.2491,57.59793,2.436056201415124,,510.1609926666667,0.0,,0.7266800790423029,0.6632536380035613,30.89723,189.70364,21.52354,74.65089,0.20561653554236756,506.23056,,724.99992,,21.359619333333335,36.63569,,29.48706,2867.9018748333333,,0.09859289613881628,378.03381,2951.50285,47.11239,28.274,513.39557,,36.41559,,47.56225,,103.32362,1.804213579572777,73.72377,0.1524635273180434,,29.392698,0.0,0.0,6.705514863028101,,898.730915,,,379.912641,0.5220954402840762,52.48422066666667,,,0.04980953035976793,57.12566,31.214199333333333,,0.020904673105004976,381.60248,39.12984708720555,910.16614,,12.998075,189.94761033333333,190.27066,,0.06261500517262952,13.03541,103.02442883333333,519.1920675,,0.2112338176079827,36.495286500000006,524.75233
2024-11-14 23:00:00,5902.0,36.2,1.0,12.93913,725.57984,27.5604075,99.52105,74.33496283333334,,2.1947487849539944,20.64378,2345.38721,27.42607,,,721.8494021666667,508.55813,0.0,,29.32701,899.55713,2.876610195251353,,0.12152618535007294,,,27.92719,38.36158,53.08073,2.7894859844770927,,504.7707618333333,0.0,,0.49901034637381625,1.5875146142106786,28.57032,189.57963,21.67485,74.65089,0.17929649909487982,499.62082,,717.86163,,21.217661666666668,36.49215,,27.25256,2429.2831031666665,,0.3389010943321785,378.49606,2534.20091,48.63259,27.04046,506.33765,,36.07101,,45.45233283333334,,100.28149,2.006008556500763,73.86971,0.16784840911649493,,27.2250835,0.0,0.0,0.9215873724505921,,901.727668,,,379.8112551666666,0.08204727557886865,53.809071499999995,,,0.15507567971609104,59.39979,28.963363333333334,,0.020987127426761735,380.81549,47.60464613341352,903.64603,,12.999931,189.8765571666667,190.14658,,0.1799814457256869,13.03611,99.93844433333334,513.343007,,0.1686455267672831,36.274492499999994,518.33997
2024-11-15 23:00:00,5944.18,35.4,1.0,12.91146,725.84782,30.498702833333333,100.85406,74.09807733333334,,1.375392519037121,20.3159,2301.49561,29.89115,,,724.635582,506.42654,0.0,,30.36447,886.77632,3.325170635056448,,0.1425638567479321,,,30.69894,37.88314,52.29188,1.6404061314667764,,503.3349085,0.0,,0.5786038278648694,0.7245129951573097,29.59464,189.64406,20.89948,74.58222,0.39606796675375394,500.15729,,722.80072,,20.608321666666665,38.09888,,30.19894,2451.5488023333332,,0.1461307102976327,378.87694,2592.3739,54.17168,29.35233,508.01456,,33.42619,,45.181043,,102.19878,1.1167276206828718,73.77528,0.15507493268418773,,29.6530215,0.0,0.0,8.227087824356468,,904.9807020000001,,,379.93557933333335,0.13742506696347045,57.970942666666666,,,1.9373571309419992,61.19625,29.975355666666665,,0.03015469505376019,381.48676,64.61016420351181,920.45673,,12.994176333333334,189.93287999999998,190.1086,,0.1374934796123219,13.05474,101.53262283333333,511.72354566666667,,0.17146203201664525,35.56224183333334,516.66629
2024-11-16 23:00:00,5912.37,34.5,1.0,12.97116,722.36902,31.893419666666667,101.4057,74.75950283333333,,1.583206855924237,20.85221,2337.98901,28.42811,,,721.7299655,506.04304,0.0,,29.40419,908.50525,3.4800069863057193,,0.20282122954459547,,,31.96726,40.59095,55.40945,1.7067100490597218,,503.3112445,0.0,,0.6268872642197928,0.28979234548172794,28.87902,210.08188,21.31919,75.06295,0.08560473368871846,500.27911,,721.12195,,21.0672855,35.80295,,31.8136,2388.376040666667,,0.13733926821801787,378.62338,2440.45652,52.60518,28.23547,507.74052,,35.51567,,46.827013,,101.78325,1.2246892887245884,74.33041,0.11511777374573953,,28.356885833333333,0.0,0.0,1.472203388253275,,911.2682655000001,,,379.93716716666665,0.0689297789400014,56.8684005,,,0.0877993794303946,60.49171,29.085531833333334,,0.012778852033488322,381.1391,29.4829873340363,914.16064,,12.999638166666667,210.3734455,210.76639,,0.04688214567335642,13.02578,101.5755765,511.8246525,,0.16169030572799137,35.671722333333335,515.95455
2024-11-17 23:00:00,5766.67,35.3,1.0,12.96441,718.53271,27.829069,101.88754,74.84559933333334,,1.076875448226068,22.33012,2302.91699,29.5448,,,717.968265,505.80225,0.0,,30.2771,899.49178,2.577090926209136,,0.14687495304105658,,,27.92719,42.26318,56.55153,1.2993964630895039,,503.559411,0.0,,0.5624621748656946,0.2899043488808544,29.80813,209.8024,22.84528,75.30332,0.33888188465453395,501.94476,,717.38226,,22.5665405,37.40734,,27.73448,2370.4496710000003,,0.13440073190661625,378.72595,2434.36987,52.31503,29.35233,509.86874,,37.181,,47.95745716666667,,103.14853,0.895747664389918,74.11865,0.09266662748571551,,29.460492666666667,0.0,0.0,0.6840679131021143,,900.8224628333334,,,380.0755925,0.04254389381853885,55.29391333333333,,,0.06614031612032427,57.2171,29.9990775,,0.016830247013874367,380.81001,34.61947821311253,902.24888,,12.999885833333334,210.01469216666666,210.27641,,0.06697070097298721,13.04113,102.55200233333333,512.1519595,,0.2339310638560742,37.25103933333333,516.1001
2024-11-18 23:00:00,5980.84,33.1,1.0,12.95547,724.71991,27.043817666666666,101.67089,75.14568583333333,,1.3358760782977661,22.17938,2374.24304,28.08134,,,724.1179968333332,505.94712,0.0,,30.22509,898.07603,2.8354640868576015,,0.1580608043727251,,,27.11759,35.54033,51.01398,1.513614666576533,,503.6509585,0.0,,0.5179178767090441,0.2866159943169102,29.79896,219.65457,22.51592,75.62953,0.3852937710120035,500.80087,,723.56836,,22.359231666666666,35.51567,,26.92475,2454.1071403333335,,0.08515643069493294,379.15528,2527.10693,51.31957,27.81157,508.29987,,35.38158,,44.40978133333333,,103.14457,1.0642971047228433,74.58222,0.11340639428994882,,27.983980166666665,0.0,0.0,0.9919817731643226,,900.1945274999999,,,380.12757433333337,0.07687368879392124,54.5689275,,,0.03101580712856293,57.65117,29.9874845,,0.019288544004207545,381.38541,39.25959104534294,902.58173,,12.997884166666667,219.90250916666668,220.28156,,0.0583208722228722,13.0421,102.51719083333334,512.152267,,0.2222317744088837,35.43075216666667,515.21075
2024-11-19 23:00:00,5839.68,34.8,1.0,12.94501,723.71231,28.254797666666665,101.14684,74.96931016666667,,3.2947845876914506,20.80947,2243.76816,29.42932,,,722.8665546666667,508.29987,0.0,,30.32442,897.46213,3.465229874663766,,0.12897186431345203,,,28.46663,36.94786,52.50024,2.8753795694932487,,503.9059188333333,0.0,,0.5232127392908532,0.6682283302312172,29.61217,219.95355,21.12691,75.29044,0.35068145672845785,500.83664,,721.50562,,20.974896833333332,37.08534,,28.09097,2352.2989549999998,,0.08157262847867801,378.80054,2451.94556,43.788,29.00583,508.15723,,36.72181,,45.747627666666666,,102.61907,2.0114908964325022,74.47062,0.15695593802911292,,29.218295833333332,0.0,0.0,1.7696265398048543,,901.1149133333333,,,379.94829216666665,0.11539266638407487,51.31742583333333,,,0.1157634256609598,57.78891,30.001245666666666,,0.030698114914335918,381.55035,54.669070392644244,903.99487,,12.999810166666666,220.14831450000003,220.38892,,0.09421767530684723,13.05535,101.95832983333334,512.4143955000001,,0.1931576559510753,36.913802499999996,518.58875
2024-11-20 23:00:00,5999.429999999999,33.3,1.0,12.95425,732.73962,28.821794833333335,101.64396,74.83568966666667,,2.3488705816574527,19.62715,2307.71758,29.84305,,,730.3739055,508.64513,0.0,,30.4391,897.69368,2.653902175752795,,0.2690432087619142,,,29.03471,38.32299,49.72683,2.215352222407681,,503.5209576666667,0.0,,0.6621754061125554,1.0377583636555603,29.58697,219.70987,20.07014,75.32478,0.12266325546384302,499.94272,,728.60834,,19.837123166666668,37.90771,,28.62071,2406.1262733333333,,0.11723587939967792,378.38332,2482.57355,45.8752,29.47022,507.30106,,37.41053,,44.386033,,102.12892,1.6558572018616902,74.153,0.18427038949069058,,29.639221333333335,0.0,0.0,1.1290525626170975,,900.0648726666666,,,379.849318,0.09840071331674209,52.15150933333334,,,0.13903168215724668,56.24769,30.058041,,0.01945055630476874,380.99969,44.59919575226651,902.7841,,12.994125333333333,220.25540233333334,220.65076,,0.1363893043608615,13.03821,101.86517883333333,512.1675776666667,,0.2247365544551272,37.660888500000006,519.22781
2024-11-21 23:00:00,5990.7,34.2,1.0,12.94572,720.73822,28.15065966666667,101.58621,74.76233983333333,,3.5146042949435046,20.85406,2335.18481,27.07902,,,719.9743825,512.92294,0.0,,30.35206,897.90503,4.152719785685253,,0.08830636126703835,,,28.23547,36.20127,58.07945,3.615985247607447,,503.7455201666667,0.0,,0.69732347605239,0.5073010609751721,29.56811,209.7106,21.89579,75.2003,0.16699514539267069,498.64079,,718.86829,,21.378473333333332,38.08933,,28.07813,2422.462104333333,,0.2621125579649652,379.31586,2519.48796,40.01007,26.92475,506.03051,,37.94595,,47.4923745,,102.20707,2.644385365590172,74.2045,0.17400336297516472,,27.0221375,0.0,0.0,1.04697026903229,,899.7209021666666,,,380.14412933333335,0.04057702262155849,51.7324855,,,0.03637116613107356,59.97199,29.990524333333333,,0.027575987680986437,381.6239,45.19068067267168,901.97516,,13.002354833333333,209.89987733333334,210.06363,,0.04967641223045801,13.08412,101.99080183333334,512.2274226666666,,0.20520248451837803,38.01194383333333,525.34079
2024-11-22 23:00:00,5916.27,34.7,1.0,12.95589,728.70436,29.527991666666665,101.44652,74.53458916666666,,1.6533763761053546,19.22617,2438.34773,27.23328,,,727.9772361666667,506.76587,0.0,,30.33329,897.70416,2.9030106243191565,,0.16595473484776133,,,29.69874,41.47838,55.17583,1.8642380452409033,,503.74225816666666,0.0,,0.6157085745198525,0.3167347411389673,29.6732,199.80325,20.56422,74.99428,0.22742117476724558,500.67526,,727.50397,,19.939671666666666,33.65399,,29.27775,2504.0368975,,0.4044746535947152,379.01724,2561.35645,47.55417,26.61614,508.26422,,33.04962,,47.0799205,,102.30807,1.399621373361801,74.18304,0.12978630416240386,,26.890757833333335,0.0,0.0,1.0867721897223739,,900.5368905,,,380.1360181666667,0.17688834150285984,53.64084666666667,,,0.1693157651563509,56.40047,29.994211,,0.017221292690181998,381.29855,34.37531355842164,902.50116,,12.995266333333332,200.1152255,200.37929,,0.1216601353196235,13.02962,101.99287383333333,512.1434251666667,,0.16093521190683302,33.35605016666667,516.04581
2024-11-23 23:00:00,5698.6,35.8,1.0,12.94984,714.4115,30.2890935,101.35112,74.493526,,2.086439105508209,20.89205,2289.63506,26.9826,,,713.25901,509.86874,0.0,,30.241,899.24559,2.8264260837865147,,0.08334719894687323,,,30.54511,39.37556,53.93092,2.5328800910069065,,503.94775666666663,0.0,,0.595258492607852,0.5230161566289319,29.63653,197.96664,21.65596,74.9256,0.22856260330856915,501.01538,,711.96881,,21.18381683333333,33.96645,,30.02582,2377.8456656666667,,0.24769913406232977,378.45233,2487.89914,47.97281,26.75117,508.51385,,33.69475,,47.91404116666667,,102.27159,1.8006506685288761,73.96199,0.13857512705702277,,26.868414833333336,0.0,0.0,0.6843711670116772,,900.5666393333333,,,379.7307105,0.061156547731872846,55.627146,,,0.06096212320489705,59.32494,29.974274666666666,,0.029048609550823695,380.88382,51.62090804127257,902.39612,,13.004751333333333,198.0941085,198.26807,,0.13202178931390518,13.08877,101.884276,512.1528025,,0.21717638856429597,33.816235666666664,520.32941
2024-11-24 23:00:00,5808.34,35.7,1.0,12.94457,714.53127,31.508108833333335,101.12488,74.57431566666668,,1.6458030563995583,20.41786,2294.42236,28.08134,,,711.1564514999999,509.08441,0.0,,30.38616,887.88232,3.2579524441393484,,0.4029993889672975,,,32.13052,42.28169,54.86735,2.448238151190354,,502.93497983333333,0.0,,0.8614424295233358,1.8229325604416096,29.60591,195.48554,21.27777,75.02862,0.26430635521259255,499.39705,,707.94775,,20.658123333333332,35.63059,,31.01374,2401.7951935,,0.2463513823009364,377.63147,2498.78589,50.34031,27.23328,506.59157,,34.93134,,48.135048999999995,,102.09608,1.72636160377977,74.04784,0.17894805165108002,,27.759112333333334,0.0,0.0,5.016573739505093,,901.3620505,,,379.58243000000004,0.20712747246249374,54.067259666666665,,,0.2585361815407049,56.93004,30.018573666666665,,0.024585748705434705,381.48433,47.84565220788181,907.12494,,13.0016375,196.07694733333335,196.71646,,0.41835521859913377,13.05212,101.65280899999999,510.50601466666666,,0.21696594794424356,35.283087333333334,518.87305
2024-11-25 23:00:00,5867.67,36.6,1.0,12.95452,716.08836,27.675463333333333,101.68325,74.60989416666666,,1.915575626417745,20.90024,2294.99557,28.08134,,,714.9664051666666,507.3872,0.0,,30.38528,901.69518,2.7310169933700186,,0.07043619965617152,,,27.77302,42.45301,56.49945,2.4462078081389436,,503.05915666666664,0.0,,0.4910167132540448,0.5490334511327056,29.69028,192.85622,21.31734,74.89127,0.22749782186198747,498.74209,,713.54926,,21.087628833333333,33.96326,,27.54173,2361.7893173333337,,0.08793167341829394,378.98129,2444.96205,45.93076,27.85975,504.76888,,33.80983,,49.48454433333333,,102.51968,1.7563130491001828,74.2045,0.1274546832260107,,27.976446,0.0,0.0,0.5120079708076298,,902.763933,,,380.07132633333333,0.06937167758909801,51.504751166666665,,,0.06641522941203709,54.91307,30.016281833333334,,0.022133553022018772,381.51282,36.4004057235043,903.95046,,13.000010333333334,193.01626983333333,193.11604,,0.06387361808294396,13.04582,102.0863185,510.8668803333333,,0.16092813296826397,33.87487733333333,517.07171
2024-11-26 23:00:00,5720.98,36.0,1.0,12.94743,715.93266,27.665250166666667,101.70235,60.16854266666667,,3.4083466180344226,15.95926,1987.09473,28.19694,,,709.5589038333333,513.09299,0.0,,30.4226,894.36646,4.405681694693643,,5.8491215391282765,,,27.81157,34.46847,54.46801,3.8844742248689106,,508.0702611666667,0.0,,0.791158038985786,4.982420854338815,29.72318,202.71741,19.14414,62.90729,0.3178016278794117,502.7832,,703.35559,,17.0193075,34.65345,,27.50318,2087.8959901666667,,1.1949285410612656,378.5271,2187.25439,38.60543,27.65738,509.19138,,34.46177,,43.118452000000005,,102.90984,2.7691307654343476,57.20717,0.15659580185104927,,27.908269333333333,0.0,0.0,0.5762168506772591,,896.1210169999999,,,379.8550941666666,0.17519145699187272,46.39298333333333,,,0.058030597947913765,52.30114,30.004880500000002,,0.024518127855345583,381.92859,48.50251862403591,897.36865,,13.002381166666668,212.3608573333333,220.21089,,0.08861750665874142,13.05221,102.2495955,516.9512293333333,,1.7777171135941823,34.57658033333333,523.5491
2024-11-27 23:00:00,5900.5,34.5,1.0,12.92488,722.94464,27.025067166666666,99.04225,60.793494833333334,,2.5781266593518826,16.89457,2128.54688,26.80903,,,720.9432261666666,509.94003,0.0010686378017890016,,27.75372,904.13367,4.65227640238454,,0.0950628308031623,,,27.15616,32.41041,51.35314,4.111633338793035,,503.936172,-0.006726166666666667,,0.43119766920091396,1.1506422722145444,27.0009,208.24571,18.58696,61.15605,0.7510427188009661,496.737,,719.15594,,17.600952166666666,37.75475,,26.8476,2227.428433666667,,0.5559764380816921,378.85419,2325.10132,38.85082,26.61614,501.72306,,37.33402,,40.02703916666667,,101.89133,2.7381636078557743,60.30618,0.16156774561690368,,26.716243333333335,-0.01,-0.00109,1.0411267393606436,,906.8035618333334,,,380.01469333333335,0.07322829217687121,43.01515033333333,,,0.11759046332493446,49.52368,27.42422,,0.03225503573831877,381.01865,51.56768325340445,908.81857,,12.996091833333333,208.39937383333333,208.59508,,0.08698221945895439,13.0694,101.25023733333335,511.9484503333333,,0.20037878551985597,37.519551666666665,522.06897
2024-11-28 23:00:00,5774.65,38.1,1.0,12.95801,730.24928,26.4709685,99.42437,75.25425566666667,,1.8942497920253343,21.25386,2398.87343,28.73626,,,728.2495608333334,508.54057,0.00047355164258197917,,28.25379,897.67501,2.9921413086098894,,0.4726749447397802,,,26.8476,36.80897,50.56082,2.7752841550082277,,504.339505,-0.0070578333333333335,,0.45534529500109094,0.9933759595854081,27.70156,199.86108,21.86151,75.6467,0.2166453554802415,501.19412,,726.15981,,21.46313316666667,37.01838,,26.13378,2512.936160166667,,0.11940630035462102,379.04755,2618.43823,44.83633,28.08134,508.44252,,36.19307,,44.86079133333333,,100.23922,1.987771156717056,74.72816,0.13658389674161572,,28.36800033333333,-0.00833,-0.00615,1.309896994605888,,899.9258293333334,,,379.9872348333334,0.2000513656917652,50.94430466666667,,,0.22638779934802572,53.80823,27.94779983333333,,0.023393527561088544,380.98718,41.642080755516986,903.21153,,13.003722666666667,200.379845,201.88041,,0.19918934752866868,13.06127,99.81893616666666,512.748932,,0.1960425094542195,36.6318325,519.1306
2024-11-29 23:00:00,5700.77,39.2,1.0,12.93284,727.31195,27.72071533333333,100.4696,75.16250916666667,,2.1877430317779027,20.78262,2322.05518,28.37995,,,725.8874003333333,508.40899,0.33618495638960966,,30.40906,901.84143,3.833722998455638,,0.07040911882871718,,,27.88865,37.74424,51.46773,3.1285345308665957,,504.18143733333335,8.234715833333333,,0.502430102224097,0.9294937711554423,29.7866,214.13314,21.33698,75.62953,0.14442567703495593,499.97832,,724.04816,,21.057556166666664,36.60699,,27.58029,2433.1926853333334,,0.16938740656260187,379.17239,2547.27051,44.79929,28.10061,506.65874,,36.07101,,44.608170666666666,,101.02637,2.247837405497123,74.54788,0.147552948199435,,28.216509833333337,7.30163,8.82951,0.9612421545050982,,903.458747,,,380.00259833333337,0.07719950194121722,49.25468433333334,,,0.1568582389691857,53.13687,30.056393833333335,,0.02954134988204008,381.38712,51.912128175907775,905.5368,,13.000701166666666,214.27174599999998,214.40285,,0.08830285619248524,13.06575,100.82249833333334,512.3490708333334,,0.25653433872165776,36.31051883333334,518.86831
2024-11-30 23:00:00,5192.51,39.7,1.0,12.96368,704.59894,26.715845,101.74187,62.0189815,,1.9462739619952403,20.15027,1951.72742,26.42322,,,700.1137471666666,509.77962,0.4812549769016702,,31.68785,896.50055,4.208561309389179,,2.00902368232602,,,26.96332,40.48986,60.8517,2.6789664173772896,,505.056251,5.1216015,,0.40456946521517545,2.3333223358514763,29.88537,181.52142,21.09091,63.55113,0.20781504502631643,501.37286,,696.95111,,20.787111499999998,36.2816,,26.42322,2047.4546046666667,,0.2953501840408508,379.11441,2123.47778,43.8617,26.07589,507.80054,,36.03272,,49.1943135,,102.49336,1.7800858351401943,61.0702,0.5107414141137677,,26.270840333333336,4.05565,6.25572,0.8149532773121057,,897.9941998333333,,,379.9195995,0.08834631526117036,49.48392316666666,,,0.05046325148877192,52.83649,30.634441499999998,,0.02036443479153063,380.74149,39.020151880132836,900.20384,,13.000054166666667,184.63480083333334,187.95471,,0.1753036914295129,13.05027,102.11288616666667,512.6862905,,0.7186843655793763,36.14106683333333,519.90433
2024-12-01 23:00:00,5296.2,38.7,1.0,12.93312,705.77082,30.483647166666668,101.88867,60.16197283333334,,2.1632377734632637,18.76993,1844.48306,31.06419,,,704.0311455,508.5495,0.5026416963235567,,30.34022,894.71179,4.578580705186126,,0.23769387456698848,,,30.54511,37.14465,55.8304,2.926400646545643,,502.6070076666667,4.730270166666667,,0.4277813019105523,1.0061974376550928,29.87295,201.56362,19.09475,60.41778,0.2893656742922599,498.54281,,702.16022,,18.892784666666667,35.84124,,30.39127,1918.1845778333334,,0.08253884434198724,378.88605,2043.5824,41.14039,30.89119,505.65207,,35.64974,,44.31754416666667,,103.00493,1.9792754054026465,59.50782,0.11357628099639369,,30.996315499999998,2.94448,5.41114,1.0580707082281784,,898.0910911666667,,,379.9083636666667,0.050439621849175394,47.554461999999994,,,0.04106198553839569,50.92543,30.076211333333333,,0.028834206214539665,380.8852,49.8125938546076,899.62305,,12.996918333333333,202.09956366666665,202.51559,,0.04947479944347445,13.06732,102.55492583333333,510.4014256666667,,0.18706227599921263,35.7218775,519.1217
2024-12-02 23:00:00,5872.56,36.8,1.0,12.92803,735.47949,27.65182583333333,102.16436,61.98148366666667,,2.3210757367797794,17.15265,2111.23291,27.31361,,,732.4584021666667,510.65274,1.9168378721801276,,30.21412,900.3566,3.932576532773434,,0.1916701435320109,,,27.77302,35.35513,50.87971,4.144512801983561,,503.99220883333334,0.8723988333333333,,0.4432461332973427,1.969614064649449,29.47061,191.34301,17.96532,63.28501,0.44956591813045355,498.6908,,727.552,,17.455694333333334,37.55397,,27.53852,2204.157772333333,,0.19502053360265978,379.17989,2356.54395,38.96136,26.96332,505.30246,,36.30075,,42.32290483333334,,103.67998,3.1053258970269293,61.39641,0.1593269193965017,,27.164948499999998,-0.0076,7.10415,1.682419986668769,,904.1577863333333,,,380.26714499999997,0.09684342309117842,45.95034,,,0.39183288271190736,50.41748,29.92026716666667,,0.03176769749929598,381.18906,62.46618131691011,907.58606,,12.994466999999998,191.84250066666667,192.16296,,0.06393176143070975,13.06562,103.05242249999999,512.1252866666666,,0.43052053768198123,37.140805500000006,520.338
2024-12-03 23:00:00,5454.56,38.1,1.0,12.92883,726.20776,27.303501999999998,102.22231,60.66117433333333,,2.6938374673020076,18.65259,1985.90674,31.04497,,,719.9759046666666,509.26268,0.3438510076164822,,30.359,897.66541,5.240066819177693,,4.189977406868346,,,27.50318,32.89193,57.062,3.2680551431261797,,504.633689,0.11205533333333334,,0.4343650178999738,5.593675257333051,29.63553,178.19971,19.04368,60.95002,0.26752214645955635,499.94715,,712.2561,,18.822381833333335,37.06622,,27.19151,2132.2916073333336,,0.10684765569300711,379.10635,2253.52222,37.451,29.31384,506.30194,,36.45387,,44.120907333333335,,103.36932,2.322409762567072,60.17741,0.16142732930039144,,29.84503833333333,-0.00763,1.78194,0.8461398939821013,,899.4277353333333,,,380.01040900000004,0.615459791610057,44.016841500000005,,,0.2146454397322573,50.43909,29.977774166666666,,0.030428965264865625,380.84189,60.79357745707975,901.49134,,13.007358166666668,185.35771733333334,191.4284,,0.09658879450045108,13.06071,102.69561666666667,512.7928453333333,,0.15607144082733515,36.818677666666666,519.15723
2024-12-04 23:00:00,5559.9,38.6,1.0,12.96027,714.69891,29.367035333333334,102.52589,60.686582,,2.494397054875145,17.82708,1988.62109,29.69233,,,712.6024225,509.27405,0.0011755251140598024,,30.24553,898.30002,3.820978354103359,,0.4528446458199264,,,29.46782,37.20252,52.54364,3.6128352268160935,,504.15831199999997,-0.006690166666666666,,0.464460030842535,1.2389751337029644,29.56899,193.56135,18.24172,60.94144,0.17716507198520612,500.18707,,710.05377,,18.076739,36.64526,,29.23684,2074.3391253333334,,0.11845021680014109,378.95224,2225.26221,40.37951,26.96814,506.62312,,36.33903,,43.58586916666666,,103.29732,2.5381263698039795,60.48646,0.13793874634762585,,29.259767166666666,-0.01073,-0.00151,0.8366103663897831,,899.9877786666667,,,379.9791515,0.7979031699782441,46.31413116666667,,,0.07784267247228359,51.01803,29.99062466666667,,0.022585355387199413,381.23816,46.365906443313435,901.63803,,13.00381,194.31427216666668,195.0461,,0.05846654884448698,13.0591,103.008478,512.3072943333333,,0.10883964621934583,36.462270000000004,519.85653
2024-12-05 23:00:00,5753.490000000001,36.4,1.0,12.93061,706.46448,32.145275166666664,102.02695,56.24754383333333,,2.861742775106147,16.09409,1845.7919,30.16047,,,703.7849056666668,507.72916,1.0434237850036832,,30.3114,897.59595,4.75663207242997,,0.7662477879391102,,,32.31295,33.20678,54.82838,4.376269002230269,,501.67308733333334,0.3044173333333333,,1.6351968957603726,1.2175007747957403,29.61559,205.39149,20.44322,56.55475,0.5115975777384859,493.82175,,701.01288,,17.8452355,37.36909,,31.92885,1933.489869,,1.446380101624159,374.62561,2046.28955,38.18004,29.50631,498.79813,,36.83662,,42.06108483333333,,103.96074,2.999043440536768,55.83365,0.16067035763116905,,29.788658833333333,-0.00758,5.39946,4.115625401381371,,903.7003361666667,,,379.048742,0.1742000011295364,44.683707,,,0.16862987754744352,50.67522,30.004039166666665,,0.0377874083442954,382.40789,51.22517899376879,910.34589,,12.998296666666667,206.45410066666668,207.31886,,0.1004816044466571,13.09855,103.21535250000001,509.61861116666665,,0.1478648986445308,37.09339683333334,518.7309
2024-12-06 23:00:00,5734.35,39.0,1.0,12.94428,733.36444,31.00653,102.55569,54.39145,,0.0,21.40892,2056.77808,29.08284,,,733.36444,504.87402,0.0,,30.31432,907.55182,0.0,,0.0,,,31.00653,41.58718,41.58718,0.0,,504.87402,-0.00652,,0.0,0.0,30.31432,175.91573,21.40892,54.39145,0.0,504.87402,,733.36444,,21.40892,36.07101,,31.00653,2056.77808,,0.0,380.69763,2056.77808,37.47569,29.08284,513.53796,,36.07101,,41.58718,,102.55569,0.0,54.39145,0.0,,29.08284,-0.00652,-0.00652,0.0,,907.55182,,,380.69763,0.0,37.47569,,,0.0,37.47569,30.31432,,0.0,380.69763,0.0,907.55182,,12.94428,175.91573,175.91573,,0.0,12.94428,102.55569,513.53796,,0.0,36.07101,513.53796
2024-12-07 23:00:00,5929.34,40.9,1.0,12.92884,723.83227,28.025488666666668,103.65442,68.52688633333334,,2.4503680583868643,20.57791,2255.40767,30.39127,,,717.5714081666666,510.52492,0.000589922407039844,,30.3729,896.17626,4.552814951284272,,1.1090704809015228,,,28.34142,33.47127,55.13937,4.006836387395631,,504.12078433333335,-0.006284833333333333,,0.5272888953309187,3.766182261429194,29.77787,214.98481,20.92641,68.9143,0.15690348400815493,499.61412,,709.67078,,20.762452333333332,35.15169,,27.77302,2371.9646310000003,,0.08059137021905806,379.02029,2491.24594,45.37978,29.66026,505.62072,,34.58637,,42.49591216666667,,104.27649,2.637600111353378,68.03439,0.1501700577740594,,29.9515745,-0.00708,-0.00443,1.2327876113647116,,899.2640325,,,380.2565661666667,0.21723869438254764,50.83426033333333,,,0.17469829064776501,55.09654,30.030953,,0.035290754817561686,381.56366,58.90340080087899,902.09272,,13.002702,216.75899783333335,218.93548,,0.19115827986489106,13.08182,103.980669,512.5492901666667,,0.20902442813989203,34.871722,522.36999
2024-12-08 23:00:00,5589.09,41.0,1.0,12.9353,719.43761,28.2305275,103.63223,68.593202,,2.661691728781201,21.75814,2256.23059,28.98658,,,717.9876835,509.23794,0.33728803751933456,,30.37455,898.96775,3.8506487045495215,,0.15257638798340076,,,28.41848,36.23368,56.23032,3.6960582144515093,,503.40701533333333,0.0739485,,0.5542988868999683,0.7167596970709271,29.62702,207.8953,22.50854,69.00229,0.24254391192490732,499.33604,,716.01048,,22.233353,34.8451,,28.00427,2343.1550558333333,,0.20813135265247876,378.28421,2438.97606,41.77239,28.51478,505.52336,,34.51928,,43.3034995,,104.5922,2.3964146550978307,68.00434,0.18749271225995168,,28.719361499999998,-0.00753,1.59923,1.1065750378377608,,901.2321706666667,,,380.0054013333333,0.11992721950861773,50.24010766666667,,,0.09893694735168705,54.84246,30.0324105,,0.03172524913642699,381.32871,50.89944742955337,903.49329,,12.998206666666666,208.09740833333333,208.36991,,0.11877393094995932,13.08964,104.06328183333333,511.66181416666666,,0.19208189243838958,34.6682225,520.81698
2024-12-09 23:00:00,6171.139999999999,40.4,1.0,12.9642,769.28321,30.480040499999998,104.06057,80.55264083333333,,0.9443486038995358,20.20011,3102.73645,25.21677,,,764.6367325,505.89142,0.0012069885483848648,,33.96655,890.7405,2.0830216401794,,3.5411258372966254,,,30.77584,36.01317,46.41576,1.7663043283247029,,503.94192699999996,-0.006703,,0.6341968998845179,3.8431612429041024,30.2161,196.81671,21.3791,81.746,0.44547207086402285,500.94366,,754.71511,,20.698735666666668,36.87489,,30.23741,3261.8815440000003,,0.37141039915147045,378.60309,3438.42726,40.28383,24.68555,507.62216,,35.99443,,42.5590255,,105.74167,1.2188301599725333,78.98608,1.2065834886048612,,24.957862666666664,-0.01041,-0.00294,5.299013569775815,,900.8766400000001,,,379.8858085,0.15611908703019428,42.32785333333334,,,0.30025190755755277,44.99491,32.334339166666666,,0.021198557441460028,382.0827,87.88018861684652,910.42096,,13.004262166666667,200.62405283333334,205.47701,,0.18261484965167948,13.04745,104.81745233333332,511.5016476666667,,0.7672605675251092,36.411292499999995,514.8905
2024-12-10 20:00:00,5798.84,41.8,1.0,12.97294,739.27905,29.349274666666666,104.43962,79.50787116666667,,0.7738750780131135,30.93766,2684.00297,26.6933,,,738.4496215,504.92163,1.563062093160084,,34.25178,900.13334,2.155695144614907,,0.07592292973278236,,,29.73723,39.91188,48.46514,0.9794813858025863,,503.41088616666667,12.9195265,,0.35936741255586024,0.6399938157429385,33.79161,189.51512,31.07098,79.87028,0.11182430422319035,502.16214,,736.48932,,30.990033666666665,38.43974,,29.12134,2736.486492833333,,0.030380011267817586,379.19225,2800.67743,45.61919,26.20132,508.67131,,38.06065,,44.887943,,104.90814,0.6465762338554947,78.59977,0.09767516490147828,,26.417637666666668,9.2757,16.30723,1.1864985910307961,,902.0992393333332,,,379.96425883333336,0.14589830423111105,47.31077616666666,,,0.10267729462618348,49.04389,34.00919433333333,,0.010392723149553935,380.66383,23.028610979507768,904.89017,,12.998942666666666,189.65875533333335,189.81889,,0.16530267694436038,13.02657,104.6371995,510.6895353333333,,0.21572446677744536,38.18901433333334,512.83183
2024-12-10 23:00:00,5477.06,42.1,1.0,12.92509,740.64244,32.92054016666667,104.09116,79.538153,,1.1389611560250328,25.34177,2845.76538,23.79645,,,735.8531233333334,504.86499,1.5883047979306408,,34.27674,899.06995,1.9473127182154641,,0.24050492367041498,,,33.11918,40.4343,48.59709,1.706030122410843,,502.75936766666666,9.008634,,0.35078658034054006,3.9688700547921747,33.74559,189.48741,25.80788,79.90462,0.20881188035773154,499.67721,,728.5603,,25.514440999999998,47.81279,,32.58175,2963.6224183333334,,0.1069997400234447,379.31419,3094.90527,45.4446,23.25493,505.56364,,47.59451,,45.01937016666667,,104.91267,1.2418122625604222,79.04617,0.11075014357147162,,23.572233166666667,6.36712,13.82884,1.2482840755176505,,901.1363758333333,,,379.96947233333333,0.14992898647265443,47.946275166666666,,,0.0494123792970635,51.29719,33.9975015,,0.01837329268673848,380.772,81.56818562914795,903.72498,,12.990631500000001,189.82699433333335,190.29652,,0.15758908200687202,13.0241,104.51174666666667,509.93411283333336,,0.16617265593555794,47.721844000000004,513.31536
2024-12-11 07:00:00,5594.54,45.0,1.0,12.96365,729.35269,31.126830666666667,104.35216,79.8902495,1.0,0.6489883203996373,24.99845,2606.36377,26.46502,528.7,,727.6362868333333,504.17767,0.9685841751846828,432.8,34.21888,892.80617,1.6564155128549236,331.4,0.09450039375442519,1.0,7.0,31.45817,44.03186,50.5695,0.6907664728054786,,502.855734,10.193754333333334,3.0,0.7304109442168518,1.0343701998104338,33.82388,190.72773,25.40112,80.3968,0.09657908230716147,502.01624,,725.25989,449.6,25.201015833333333,38.74867,496.7,30.82391,2651.6795228333335,4.0,0.1008025158633393,378.11649,2701.52515,46.0604,26.03729,508.5495,0.18,38.2518,705.5,47.122271999999995,4.0,104.79944,0.5151737801524766,79.42388,0.08501184410734075,0.9228,26.266910833333334,7.81318,11.61956,1.7830842128395346,577.4,896.4640393333334,414.4,1.35,380.1538276666667,0.13894025342328942,48.00092866666667,357.1,621.9,0.15332218895843575,49.50227,33.99018566666667,471.4,0.012095021923873843,381.41061,20.125512681387516,899.17068,390.8,12.9975115,190.9078165,191.13219,0.275,0.20379849236702707,13.02385,104.55044283333334,509.6559606666667,272.1,0.1990215868406196,38.50242633333333,511.36545
2024-12-11 15:00:00,5611.04,42.9,1.0,12.96216,729.37671,32.45392583333333,104.01089,79.82315966666667,,0.7059184608034669,23.58136,2564.03467,27.8477,,,724.4538778333333,504.0527,0.7771439124329066,,34.18593,897.22871,2.2908065944845486,,0.24129128498659883,,,32.81211,42.94379,55.85702,1.1416388291275972,0.898,502.58124683333335,8.674513,,0.7169358433974562,2.402377268007867,33.71621,189.58497,23.79496,80.16215,0.17588112521917715,500.11838,0.922,721.49361,,23.684930666666666,40.23814,,32.13052,2622.9846918333333,,0.06009546455902738,378.45491,2669.96159,47.2181,26.6933,505.56682,,39.60818,,47.944534999999995,,104.70641,0.8334906001208352,78.7221,0.11322181383559116,,27.310420833333335,6.52204,11.22487,2.44663834649411,,902.1563263333334,,,379.97142333333335,0.3874968296307371,48.9890855,,,0.21692951059426308,51.04871,33.9782285,,0.014491235234300114,381.17316,21.444564721505454,905.44773,,12.997242833333333,189.83171783333333,190.46463,,0.2162829455361795,13.02986,104.32997866666666,509.350761,,0.2396192980752108,39.93494166666667,511.10422
2024-12-11 23:00:00,5690.92,42.6,1.0,12.94282,738.02832,31.688985666666667,103.93401,80.11577183333334,,1.0052010130598776,23.09023,2552.93835,27.27184,,,730.7534796666666,506.19489,6.87163329641455,,34.33067,899.67365,2.2648590118890413,,1.1526830369002163,,,32.00568,41.34642,50.68988,2.222267622086632,0.898,503.62465499999996,13.619023666666667,,0.46570937216987673,3.6482334527456204,33.70631,197.23359,23.67254,80.59138,0.24623362064077264,498.94122,0.923,724.43201,,23.452706,39.85638,,31.52542,2702.3459895,,0.14628526880200293,378.58041,2904.44183,45.82079,27.04046,504.83835,,39.43633,,45.727926499999995,,104.81721,1.6787462871728596,79.66425,0.13461243393724368,,27.162930333333335,-0.00763,23.86534,0.8496639220828675,,901.2700591666667,,,379.7811355,0.05167263662866715,47.787451000000004,,,0.11658455708124407,50.35188,33.948763,,0.02465088345731153,380.58574,85.30794655613772,902.79614,,13.007564166666667,199.76688133333334,201.50136,,0.13752218752718035,13.04721,104.41452683333334,510.7774631666667,,0.18398071897405216,39.663524,514.17877
2024-12-12 11:00:00,6132.86,36.0,1.0,12.96614,724.19208,30.54493516666667,99.67,80.09485866666667,,0.8459515381495707,27.51842,3477.24121,28.63997,,,721.9742145,529.19244,1.3254152155870693,,33.2847,888.55622,2.2413117929788493,,0.18329300250260014,,,30.85274,50.79637,59.96331,1.2011329284384298,,526.4489161666667,7.942432333333333,,1.4762080802003894,1.078694552392382,23.98595,200.09992,27.75377,80.49408,0.1522428179942133,524.5166,,720.23476,,27.635966666666665,39.76093,,29.85588,3595.0671295,,0.0676045351418919,377.1959,3724.43453,53.67569,28.42811,531.06738,,39.2167,,55.93089616666667,,100.31804,0.9601583079201882,79.69859,3.12401018021487,0.9567,28.518966,5.02386,10.74628,1.8801776164564767,,891.5993288333334,,,379.91145950000003,0.07037315120731462,55.558772,,,0.15282554982798277,58.19868,30.1488255,,0.018017177687866637,384.3616,63.31071099232785,894.73685,,12.999561166666666,200.45254883333334,200.72494,,0.2861963840661068,13.03691,100.01307216666667,534.0075165000001,,0.17935220104178148,39.49022333333333,537.10693
2024-12-12 16:00:00,5826.08,36.7,1.0,12.96773,724.97788,30.026909,98.21438,80.07148983333333,,0.7901672343768721,26.69415,3509.66193,29.96811,,,723.0842211666666,527.08584,2.9336513240988618,,20.18161,894.48888,1.9942109735579796,,0.14906002601465276,,,30.39127,49.96586,58.8573,0.9146500526180102,0.895,525.499475,8.968921666666667,,1.0462672953819616,1.1355565541239454,15.33094,199.14256,29.67617,80.33384,0.27868384043916594,524.20336,0.919,720.66631,,28.7440775,41.34462,,29.23684,3581.971615666667,,0.9332295264725007,377.38617,3670.93958,53.01706,29.69233,531.37682,,40.88688,,54.0388455,,99.62111,0.6545143621852428,79.69215,1.6077389793222572,,29.83220083333333,-0.00652,14.13675,4.1709869065292935,,900.1051486666668,,,379.61549649999995,0.07522041192708447,54.9497745,,,0.1267275854130904,57.00065,18.78317483333333,,0.014197926954392811,382.76286,39.41248181969681,907.5412,,12.996849166666667,199.46119933333333,199.6657,,0.3844566345371869,13.02579,99.11629033333334,533.0729386666667,,0.15349055544832596,41.10638266666667,535.68668
2024-12-12 19:00:00,5893.75,36.5,1.0,12.95055,728.75241,29.212136166666667,99.39724,80.1377935,,0.8325253939449978,26.74627,3676.52856,29.50631,,,725.2688983333334,527.67017,2.063708935258005,,15.1618,897.87476,2.242266189793218,,0.28979080365488274,,,29.31384,48.87953,57.72757,0.8595075368900309,0.895,526.2496288333333,10.923012,,0.44832680405202785,1.7134376858078475,14.82266,199.84821,28.06077,80.67507,0.17137680160797356,524.90347,0.919,721.50562,,27.446602166666665,41.0204,,29.08284,3732.223164833333,,0.3353120461882557,378.93372,3832.41113,52.00829,29.19834,532.23407,,40.88688,,53.27163016666667,,100.02642,0.6557440758615003,79.59557,0.07009263022483977,,29.400825,6.20718,13.93834,2.2122319692494323,,901.4536893333334,,,380.1433758333333,0.08510931434417483,54.42673166666667,,,0.033154147553085836,56.47629,14.975495166666667,,0.01568910484532055,381.11246,35.299048001630744,905.37535,,13.001244000000002,200.32301866666666,200.75187,,0.058759878364371056,13.02805,99.67232833333333,534.0425356666667,,0.23449232462467007,40.947348166666664,536.08374
2024-12-13 03:00:00,5938.87,35.9,1.0,12.96217,730.0011,26.868174500000002,99.11318,80.288738,,0.7995573149243512,28.89984,3696.36993,27.77302,,,726.6574003333334,529.75861,2.2671790161833276,,15.13943,901.46075,1.80870280485689,,0.6885424025527305,,,27.00189,46.43949,54.20872,1.3328584723016734,0.894,527.7462173333333,14.118301833333334,,0.6695787367830154,2.180497595193244,14.79703,198.51188,29.64452,80.69439,0.17847485111251127,525.43823,0.919,721.98523,,29.3169665,38.93972,,26.80903,3859.4850186666667,,0.18463154781040386,378.75339,3985.83984,53.73723,27.58029,533.11761,,38.67224,,50.37746333333334,,99.79664,1.0350458192754317,79.89889,0.08489698506338669,,27.676441166666667,9.6739,18.77945,1.3859152698779564,,904.0501526666667,,,380.12381650000003,0.04372615166343579,55.29993866666667,,,0.08732547925242944,57.03538,14.957010166666667,,0.01759013360696057,381.89618,67.74931403510598,907.59822,,13.005302166666667,199.80906566666667,200.66585,,0.06700883150559901,13.04568,99.46292183333334,535.8160736666666,,0.16694885277649957,38.75816433333333,538.69373
2024-12-13 07:00:00,5942.280000000001,36.3,1.0,12.94343,726.91182,26.668543833333334,98.36982,80.33331733333333,1.0,1.3880008479958417,31.27256,3610.09103,28.38958,535.4,,725.2387908333333,530.77534,2.9177469284425643,435.6,15.19943,896.15424,2.9436953262771723,330.0,0.19517949005103488,1.0,8.1,26.77045,48.48134,61.0126,1.9299135698036305,,528.4038288333334,11.6921275,3.0,0.547690171168688,1.1292186776170048,14.73675,203.26085,32.90792,80.76021,0.23948351386938552,524.76731,,722.56385,454.0,32.28642766666667,39.32174,502.3,26.61614,3701.7546625,2.7,0.3672340742534265,378.79251,3810.03882,52.93314,27.96573,531.32593,,39.02568,707.2,54.03928283333333,,99.32435,1.3876186859778104,79.84453,0.10884080047375728,0.9175,28.206580166666665,2.93845,16.28067,2.236214946074669,585.2,900.4199138333333,416.6,1.54,379.94742533333334,0.10606780700581239,56.41839366666667,357.0,629.7,0.08741893577532094,59.31799,14.967737833333333,476.3,0.01929401779305887,381.53112,48.88694417119941,905.46495,391.6,12.995611666666667,203.56786416666668,203.98863,,0.041047506090420696,13.04665,98.74242683333334,536.2952428333333,264.5,0.17434044739975865,39.208773666666666,540.10832
2024-12-13 15:00:00,6047.36,34.2,1.0,12.96464,727.71201,29.992946,99.65909,80.272749,,1.6989748881919235,24.07721,3586.48696,29.15022,,,725.4350678333334,531.08493,2.9895911688996213,,18.39818,893.22742,3.2553897176269837,,1.0099824377100093,,,30.4682,44.45165,59.16288,2.5452353050352188,,528.3244343333333,10.227103666666666,,0.44071846730541886,1.0651161793813204,16.14295,201.30438,29.17739,80.59138,0.19538990228551734,522.40582,,723.23251,,26.740601666666667,40.69611,,29.23684,3919.1612833333334,,1.620712803624096,379.00066,4054.82446,55.4326,28.58219,529.45767,,40.25723,,53.44806916666666,,100.40383,2.1607675564746414,79.81877,0.6347513567020905,0.9173,28.835469333333332,-0.00652,15.60117,2.318957807743208,,898.6626051666666,,,380.03985216666666,0.16862830715046112,58.706835166666664,,,0.12639218584335157,62.66398,17.597727666666668,,0.02572574383577569,380.99554,123.10593547472469,901.71602,,13.011040833333334,203.23130766666665,204.38994,,0.3994724881818999,13.08586,100.07797033333333,536.2194343333333,,0.18969706372377826,40.479168666666666,539.39862
2024-12-13 23:00:00,6080.32,35.4,1.0,12.96526,732.49933,29.429211000000002,100.67763,80.41587216666667,,1.1428909574101243,26.65379,3830.33423,28.6496,,,730.7847091666666,530.5251,2.94396862024031,,15.18962,896.94918,2.4109972344273887,,0.3688755685598144,,,29.66026,47.16178,57.51458,1.4808507048707709,0.894,528.7835823333334,11.206916166666668,,0.6145505009750846,0.8674703712994141,14.80777,203.03441,29.0666,80.7459,0.20479793486362496,525.47369,0.918,728.24019,,28.044984833333334,40.84872,,29.28497,3948.317344666667,,0.87958331665854,378.95953,4044.93469,53.07976,28.19694,532.05737,,40.43852,,52.24328066666667,,101.55099,1.0867001497182938,79.87028,0.1034770223489692,,28.383768166666666,4.86283,18.08442,2.1589278586463023,,901.9148298333333,,,380.14465566666667,0.11982678462485635,55.373367,,,0.11499327525547257,58.95222,15.011050166666667,,0.016856835810171385,381.67726,50.72979518651521,905.47601,,13.002996833333333,203.94215100000002,204.33204,,0.10991152513865637,13.03892,101.044261,536.6640608333333,,0.19072512346032525,40.7442195,539.45728
2024-12-14 23:00:00,6232.969999999999,36.8,1.0,12.9168,732.81173,26.387976833333333,101.99426,80.34075783333333,,1.271669162007995,30.26205,3805.92383,27.92719,,,730.5728151666666,530.79332,2.3582957960619506,,15.30859,898.75274,2.681701815730041,,0.16447252217150793,,,26.61373,47.49514,60.19654,1.7594795322963572,,528.1021198333333,8.6301295,,0.3259308949710135,1.6938369323805715,14.65607,202.94722,31.50525,80.78024,0.16095058098779763,525.22559,,726.83185,,30.760340166666666,36.53043,,26.21097,3922.5564758333335,,0.35518713848342326,379.20768,4058.2012,54.36093,27.85011,531.17346,,36.19546,,54.89824516666667,,102.74324,1.2497852654234023,79.9926,0.1283227286959401,,27.892824833333332,3.82058,14.08682,1.8635119662378015,,901.7718473333333,,,379.946505,0.023959984189157235,57.096002500000004,,,0.08408523516508445,59.53271,15.022083166666667,,0.030550624663738746,380.915,56.35265580309414,905.57477,,12.996212666666667,203.18346616666668,203.63781,,0.11073909573271948,13.05762,102.41937683333335,536.1406311666667,,0.184026324131062,36.34098033333333,539.56589
2024-12-15 23:00:00,5253.0599999999995,42.6,1.0,12.95081,718.58063,27.026194333333333,104.92193,60.5345295,,1.6090736123503668,24.77691,2106.11464,26.34122,,,716.8956145,507.5238,0.000579455106405132,,15.38627,891.50645,4.74732526639648,,0.13188532909281023,,,27.11759,35.6856,58.64721,2.940560451932385,,503.49077716666665,-0.0065325,,0.4102786208005232,0.7456363737954724,14.45866,206.84758,25.04715,61.0187,0.18193625971006222,499.12222,,715.2619,,24.9302095,37.40097,,26.92716,2171.6775616666664,,0.061578003293191276,378.85458,2256.89038,44.29288,26.19168,505.83551,,36.22417,,45.378817166666664,,105.75554,1.9488498989317753,60.19458,0.18355396836723942,,26.263152166666668,-0.00812,-0.00548,1.15005541630133,,894.4020276666666,,,379.87399766666664,0.030932234412249588,48.59093266666666,,,0.3924107009386517,51.39422,14.948501833333333,,0.026330731641663965,380.74578,43.208633174507604,896.3717,,13.001119833333332,207.1571915,207.34469,,0.04445482633296072,13.06823,105.39449599999999,511.8279541666667,,0.15629796641839414,36.55804583333334,518.76347
2024-12-16 23:00:00,5471.14,41.8,1.0,12.43132,715.62525,28.205981166666668,106.49767,60.4989755,,1.677376833382945,24.9746,2133.78174,26.26886,,,712.2619933333333,506.83406,0.0010821924152981362,,15.22631,897.80884,2.656757040615347,,0.38654806550642495,,,28.30289,38.78137,49.96296,2.73271085913821,,503.63549016666667,-0.0067495,,0.36729294729423395,1.321358061997462,14.76006,205.46256,25.50765,60.82125,0.28220424551335205,498.18988,,709.86224,,25.27124566666667,38.7009,,28.10061,2222.737534,,0.15937652463469584,378.88858,2316.1347,38.62395,26.11448,502.69522,,36.14759,,43.87580466666667,,107.57201,1.7513697096519902,60.10301,0.09439907880667124,,26.194730333333332,-0.01041,-0.00374,0.9534130626521107,,899.7594553333333,,,379.94469366666664,0.040490562657161534,43.08255616666667,,,0.7153337396981827,46.91175,14.978074666666666,,0.029527391618956688,380.5814,42.67535583633804,901.77362,,12.504254666666666,206.556673,206.97803,,0.0622563562636469,12.56125,107.072598,511.2838991666667,,0.15074612160089604,36.7390755,517.00033
2024-12-17 23:00:00,5883.900000000001,54.3,1.0,12.46434,723.13654,29.10496983333333,105.04143,65.49461133333334,,1.4690046273034625,25.86166,2302.47424,26.77045,,,721.0553281666666,503.79668,1.4494983183497023,,15.17365,900.35773,2.8840253959299487,,0.3280599121048674,,,29.27534,38.3091,50.29169,2.00044044138632,,501.30289316666665,10.685227833333332,,0.510256635363539,1.007231109664628,14.81629,213.19774,27.53404,67.81763,0.3555423594673154,498.64008,,718.79637,,26.66265483333333,31.89043,,28.8903,2388.240566666667,,0.5085379415723223,378.63275,2509.677,44.7989,26.65472,504.92455,,31.23717,,43.8167385,,106.31024,1.3607051830595227,63.35368,0.08551525129958047,,26.705529833333333,7.49665,12.98983,0.8104758810532033,,901.814988,,,379.79598383333337,0.03489055840873673,48.614135000000005,,,0.18437677116613532,51.78026,14.9885095,,0.020639438343647603,380.74701,47.40407703478922,903.52641,,12.504341333333334,214.00091949999998,214.58606,,0.1263194919872013,12.54204,105.82551199999999,508.7628198333333,,1.4007730402446128,31.553623666666667,512.47865
2024-12-18 23:00:00,5332.95,45.0,1.0,12.95855,724.24011,30.812448833333335,104.25204,68.85049833333332,,0.8156396705722189,23.87154,2346.98193,27.38752,,,720.582498,504.88278,1.767149854622682,,20.47447,895.66946,2.751180089393766,,0.46107588604585653,,,30.91041,42.78174,55.51363,1.1999014267604686,,503.2664451666667,9.345930500000001,,0.5135929312739472,1.7106852298250943,19.79098,213.67083,24.18905,69.16539,0.1489115098861812,501.36688,,716.47174,,24.042749166666667,34.15502,,30.69894,2416.3263873333335,,0.0835962202797252,378.7869,2502.36682,51.02672,27.27184,508.67731,,34.03996,,47.8059875,,104.8597,0.8432267508631213,68.26402,0.17999764406453858,,27.33059016666667,5.14023,12.55328,1.607070015403278,,899.6607305,,,380.01224616666667,0.033357265795143844,52.59993083333334,,,0.030709081052157187,54.55984,20.131439166666667,,0.01998937100612081,381.28229,37.96263600875518,902.05432,,12.996794,214.4115105,215.19215,,0.049374235238587943,13.04189,104.51221283333332,511.37384649999996,,0.1837534401399752,34.0968505,514.06252
2024-12-19 23:00:00,5008.71,45.4,1.0,12.94301,716.75937,31.008446833333334,101.77525,69.97909916666666,,0.8467836966557165,23.51753,2253.28125,28.00427,,,713.1622465,506.76587,1.8528595385043802,,20.19998,898.8282,3.184231402373047,,0.14080702886551555,,,31.08341,43.01093,57.12797,2.0582539884031315,,503.91523433333333,9.880700666666666,,0.28374618309641164,1.822574974752915,19.77806,214.49165,24.85468,70.35864,0.3755722461784749,500.90814,,709.52716,,24.295347833333334,37.96266,,30.86235,2357.399289666667,,0.3379207123436212,379.28394,2466.73584,51.068,27.88865,506.83722,,32.92727,,50.21337583333333,,102.95429,1.3340177706073517,69.08813,0.08893194528071975,,27.955773833333335,4.28133,12.90611,1.2321431258054123,,900.5386948333332,,,380.00741050000005,0.04141175281846174,53.06100966666666,,,1.3878129462750626,54.99005,19.989873666666664,,0.02946856377834131,380.5589,50.74380316111655,903.69681,,13.011803833333333,214.79516983333332,215.02402,,0.07286966208591172,13.06618,102.39381766666666,511.6230023333334,,0.19785101482022824,34.146245666666665,516.20679
2024-12-20 23:00:00,5581.8,41.6,1.0,12.93831,735.47949,28.349390833333334,104.81332,75.35968966666665,,0.630665775036285,24.76243,2716.2439,25.61262,,,732.1159498333333,506.69444,0.9048663578655803,,22.18794,903.85141,2.5239011850378725,,1.899306820749971,,,28.62071,40.79081,53.74572,2.111448981818231,,503.4763936666667,11.426906166666667,,0.3733317672473167,1.6469903086605882,21.73322,220.20247,25.23564,75.73826,0.17351827085906488,500.5506,,728.23628,,24.961525166666668,35.34327,,28.15841,2819.0944718333335,,0.11966801174735349,378.90833,2970.82788,51.84045,25.19746,507.47943,,34.88343,,47.45888483333333,,105.66527,1.4357993273269003,74.82259,0.10243702522873131,,25.3643955,8.97609,13.79435,0.6278276394011698,,905.2039685,,,379.8800825,0.09920575204457302,53.1942175,,,0.12193200055073737,54.3401,21.9543125,,0.028708974625359353,380.56447,55.434566217779846,906.49094,,13.001458833333334,222.55978466666664,226.21226,,0.10964859080442006,13.05885,105.39456033333335,511.86648916666667,,0.20189748925132514,35.096281,516.46455
2024-12-21 23:00:00,5663.67,42.6,1.0,12.95228,733.46057,27.712498666666665,106.1722,75.263389,,0.7288696830653862,24.8373,2743.27368,24.02845,,,731.1302838333334,506.56061,1.4697392328567367,,24.2271,898.83887,2.9807450235853046,,0.2542843777274819,,,27.81157,41.38346,54.11844,2.1458860687603876,,503.99136216666665,9.124134999999999,,0.31217644658637517,0.9099153096298138,23.75873,221.37408,25.15503,75.65743,0.13576306769318097,501.34302,,729.3767,,24.980311500000003,39.85638,,27.61883,2836.502243833333,,0.07753406809049632,379.22487,2921.83618,52.37696,23.91246,508.06496,,39.70047,,46.6622655,,106.71632,1.4147925592067292,74.59367,0.127401380261528,,23.974537666666667,3.12374,11.72094,0.5229513411794002,,899.8880539999999,,,379.9036336666667,0.026616173709568126,54.12612383333333,,,0.04767111480766431,55.74204,23.965563,,0.025508119240810097,380.54674,43.51123665775163,900.86066,,13.0024695,221.60938116666665,222.18945,,0.05269592865200451,13.04514,106.45659616666667,512.3800086666666,,0.1851299125598189,39.77598833333333,515.94283
2024-12-22 23:00:00,5584.53,44.0,1.0,12.94938,736.77777,29.078683833333333,106.30622,75.36189666666665,,0.7022163820996522,23.82461,2701.87354,25.00432,,,734.3574773333333,506.89346,1.1359344418648474,,25.25001,898.14417,3.265785605270062,,0.20285278525506256,,,29.6795,41.03158,56.47051,1.7240015676668297,,503.30295566666666,9.796182333333332,,0.460444675059224,0.9123937925948824,24.73682,215.98647,24.90307,75.74113,0.23343899433232448,500.90814,,732.11493,,24.302368333333334,38.8633,,28.59182,2784.858251166667,,0.2902089685631104,378.91606,2881.15015,51.82424,23.99946,506.97998,,37.71969,,47.310372,,107.3157,1.10449125800741,75.09729,0.11070670725116667,,24.456277,4.99244,11.9397,0.5282501187761546,,899.2858683333333,,,379.94848833333333,0.2762990738576141,53.86794416666667,,,0.34571220900960914,55.42103,25.02674366666667,,0.022099625694097545,381.02711,41.147710238113916,900.47381,,12.998688666666668,216.34919083333335,216.62436,,0.30291154177858515,13.06587,106.89408283333334,510.97631900000005,,0.1316445325541867,38.242626,516.66249
2024-12-23 23:00:00,5626.2,43.9,1.0,12.95047,742.80446,30.720231166666668,107.66114,74.52625466666667,,0.554981888313703,20.9194,2896.53455,26.0405,,,739.4687415000001,505.69516,0.2977308599110305,,27.21384,898.54761,2.7659566642546065,,0.12191440143548977,,,30.85274,39.79998,51.53255,1.503170287413978,,503.31632916666666,10.930345833333332,,1.0433564816784373,1.488929485098615,26.65818,213.34382,21.1615,74.98569,0.14801835492485993,500.12126,,736.42917,,21.025516333333332,35.64974,,30.61882,3021.6863956666666,,0.05823529508045235,377.26717,3172.94972,53.88809,25.68019,507.33621,,35.4614,,46.849513333333334,,108.23739,1.0856164819175795,74.06715,0.11258172062380173,,25.842978666666667,9.38841,11.44961,0.7934853621036948,,900.9141713333333,,,379.6458485,0.12978263981824517,55.09457783333333,,,0.04957158466971642,56.75989,26.945380166666666,,0.02229276711513718,382.83681,62.58107251269319,902.29538,,12.997097666666667,213.54335350000002,213.8532,,0.06845782621294848,13.04525,107.9712705,511.57788450000004,,0.18074991997529452,35.566119666666665,514.64142
2024-12-24 23:00:00,5515.570000000001,45.7,1.0,12.93081,734.95065,30.427176166666666,106.60231,74.79556966666668,,0.7252363838628973,21.75786,2822.47198,26.30745,,,731.6734758333333,505.73087,0.4041134659737627,,27.02332,901.57622,2.8125087681204097,,0.43853421342091026,,,30.62203,42.53326,55.21808,1.675772732709652,,503.2818766666667,10.932145166666666,,0.5207601775613913,1.8390534384539468,26.54486,214.03993,22.40557,75.21747,0.9613926168517399,501.37285,,728.27222,,22.123147333333335,32.15932,,30.19894,2929.4942535,,0.16583404199468083,378.35004,3017.58325,53.1033,25.85071,509.0309,,31.23717,,49.231868166666665,,109.63002,1.1465317193017301,74.28462,0.1304040286603422,,26.141897833333335,8.74104,11.32688,1.8235453014639071,,904.2322793333333,,,379.8232453333333,0.12386692239947387,55.16681166666667,,,0.3053704240680122,56.72921,26.812722,,0.03263835132613386,380.95242,46.03552103542205,908.27948,,12.996592999999999,214.61408500000002,215.2578,,0.13190720512171492,13.0677,108.3701495,511.8409068333333,,0.19133976889972054,31.833088333333333,515.6819
2024-12-25 23:00:00,5516.93,45.4,1.0,12.91967,731.89071,31.529964500000002,106.66223,74.79492616666667,,0.6567795977273095,21.42054,2920.98572,27.27184,,,729.190615,507.22971,0.1542497683441019,,27.1394,899.63312,3.8711637234049294,,0.5797914914158272,,,31.69833,42.73544,59.95,2.3155880286723134,,503.2220111666667,10.980952833333333,,0.5142070982818729,1.3550104008275567,26.5106,213.02467,21.90387,75.19172,0.21076905871634397,500.80087,,726.63983,,21.590474333333336,39.01613,,31.39091,3022.414440833333,,0.10090327250016552,379.0658,3197.35767,53.31821,27.07902,507.94321,,38.71045,,51.25042933333334,,107.5687,1.5265276138437378,74.03281,0.14739256940417697,,27.178541666666668,10.72307,11.41751,0.999596443892284,,901.5035055000001,,,380.0465595,0.062111236685472575,55.157576999999996,,,0.08988756609951229,56.3779,26.810457166666666,,0.037930468956423956,381.20645,71.55200716122866,904.28741,,12.998456000000001,214.12100266666667,214.85194,,0.06982700646561506,13.08173,107.06829383333334,511.69226499999996,,0.21721686308178376,38.91307616666666,517.62909
2024-12-26 23:00:00,5703.89,44.4,1.0,12.95471,750.64551,28.872987000000002,106.7142,74.60561349999999,,0.7416461844376543,19.57016,3237.11499,27.27184,,,749.9913734999999,507.15836,0.19208707295520233,,26.32809,898.70123,3.056550629980286,,0.4811677183068892,,,29.00583,40.08396,53.542,2.092912654280568,,504.14301416666666,14.961056333333334,,0.4617729549952957,0.4413901529963197,25.64264,199.54716,19.83924,74.95994,0.16745444868190973,502.01624,,749.10284,,19.706831833333336,37.60178,,28.73626,3337.693149166667,,0.05615147396805741,379.30023,3447.85864,49.99421,27.07902,510.33212,,37.48384,,47.053211000000005,,107.26851,1.336340673400325,74.23884,0.1379395284663933,,27.144733499999997,14.30672,15.23847,0.4296327411555261,,899.7278653333334,,,379.927861,0.04591987785760681,51.4936765,,,0.03382806826876966,53.24721,26.015635166666666,,0.026166003243416135,381.06003,51.63050438378939,900.6709,,13.001418833333334,200.2855181666667,200.94495,,0.07449701466661102,13.06119,106.98729783333333,513.5325961666666,,0.14918290161744518,37.543501500000005,518.24445
2024-12-27 23:00:00,5819.87,49.0,1.0,12.9462,755.69229,27.104613833333335,106.74289,74.58210216666666,,0.39750563605637235,21.85839,3447.95117,26.77045,,,752.1993656666667,512.32733,0.17789355165760223,,25.58011,899.52071,3.9390370097608094,,0.1551812512427353,,,27.19472,43.71701,63.0475,1.6429775493638081,,510.2644423333333,14.980442,,0.5431673167768492,1.053030386203963,25.10064,199.69728,22.27543,74.94277,0.09917947883511845,508.08587,,749.74561,,22.101575500000003,36.03272,,26.96332,3553.9176505,,0.08924010741214815,379.27547,3663.55664,51.2316,26.57756,516.838,,35.87954,,51.97301083333333,,107.15947,1.0947863280503776,74.27103,0.10685395225975965,,26.677425666666668,14.41987,15.33584,0.8171350709396993,,900.9035688333333,,,380.0867208333333,0.05256467104359095,52.287524833333336,,,0.054571719139404964,52.9779,25.364888166666667,,0.028520698002468817,381.40411,57.18622330240668,902.57153,,13.000734166666666,200.01453983333334,200.31055,,0.056932756711332536,13.05497,106.96468816666668,519.9593631666667,,0.15916160272930419,35.950017,523.38171
2024-12-28 23:00:00,5859.71,44.2,1.0,12.93917,754.62469,28.047204166666667,106.85607,74.69080366666667,,0.6079059372456656,23.69338,3408.76424,27.11759,,,750.132021,514.32111,0.1625033667533884,,26.16971,898.28208,2.734794886430057,,0.25442201920729046,,,28.15118,45.93249,59.4922,2.2182796086144423,,510.81225966666665,14.9794965,,0.44552911448880844,1.4143908848708184,25.69039,199.92034,24.10285,75.09729,0.12136281084622302,507.27433,,747.51254,,23.9009145,36.07101,,27.92719,3548.1738145,,0.10166993825026863,379.11258,3728.02612,52.53958,27.00189,515.33973,,35.84124,,51.581969666666666,,107.34674,1.4415776307849688,73.89546,0.11935987690120144,,27.053861666666666,14.65153,15.37064,0.7478869296486573,,899.6830178333333,,,379.96207933333335,0.0358326243813718,53.91772733333333,,,0.045511102549309394,55.12316,25.983077166666664,,0.03480641743705167,380.94296,80.42692840693381,901.34985,,12.999419666666666,200.40040366666665,200.75667,,0.05409584868598073,13.09993,107.03531333333333,520.2142643333333,,0.23832075072684575,35.961877,525.79266
2024-12-29 23:00:00,5741.5599999999995,45.0,1.0,12.95828,753.44263,29.118412499999998,104.78172,74.72195733333334,,0.5572180475172658,23.56686,3375.05664,27.41643,,,748.5271831666666,513.08404,0.17811489053837454,,27.23893,898.53052,2.7356977416919825,,0.36106625315544777,,,29.19834,44.47634,57.75072,1.4161449598870715,,511.1000683333333,14.968629166666666,,0.4854280055757823,1.8557162217354277,26.72969,199.93301,24.30493,74.99428,0.20564617708722607,508.47821,,745.77814,,23.973591333333335,36.75051,,28.9962,3511.8013026666667,,0.16216572277229557,378.62836,3636.12378,52.87122,27.13687,516.66913,,36.53043,,50.893457166666664,,105.53269,0.9530601511850298,74.37619,0.09340328867336443,,27.2992735,14.33335,15.40832,0.9073225354915535,,900.348656,,,379.926364,0.07028562113540618,53.94711916666667,,,0.03965531240157543,55.31068,27.0557515,,0.021776776229227177,381.28403,58.036855380943955,902.54909,,12.998706333333333,200.54956466666667,201.0789,,0.04126176264237753,13.06329,105.1234695,520.38318,,0.13930560548014903,36.668026833333336,523.23987
2024-12-30 23:00:00,5985.650000000001,44.7,1.0,12.93409,774.71161,29.564908,109.56234,73.77122216666666,,0.7133431166479679,21.18122,3706.60693,27.11759,,,766.6655855,512.46973,0.4188486292407268,,27.90418,897.11438,3.420105318257493,,0.3611347152396831,,,29.62177,40.19123,55.85703,1.400145133776821,,510.2421525,14.891506333333332,,0.4012512402409353,1.8564512594043787,26.84301,200.08207,21.4181,74.18733,0.37925511582736915,507.28294,,763.94522,,21.29741166666667,37.14273,,29.50631,3799.711208,,0.05981232674853368,379.12067,3888.7729,51.25012,26.88618,516.17075,,36.83662,,47.93260383333333,,110.77344,0.9313282549490931,72.934,0.28672667165885224,,27.003911333333335,13.69333,16.55925,1.0480351062937423,,899.3970161666667,,,379.95632016666667,0.05382347895043454,53.055495666666665,,,0.06430796108798544,55.06992,27.421576333333334,,0.01811905954940276,381.08949,48.03740278142112,901.27227,,12.996486166666667,200.5181675,201.27896,,0.027601741519607845,13.02753,110.02857633333333,520.7391898333333,,0.21110068957560071,37.027351833333334,523.66539
2024-12-31 23:00:00,5748.18,50.1,1.0,12.9682,760.24879,29.1178915,110.69455,74.68424483333334,,0.6500989926642982,21.9957,3988.17474,28.38958,,,754.2452253333333,516.86691,0.04236701716017799,,28.17212,899.52151,2.8971511145135094,,0.43991937813314635,,,29.19353,46.37467,58.73692,1.022694413937332,,515.2589365,14.984906,,0.5212401478568535,3.0877084523100145,27.75536,194.96224,22.37697,75.07154,0.12827152121442717,513.4668,,748.9583,,22.185640666666664,37.90532,,29.04433,4097.7608685,,0.1266727096860604,378.55862,4223.84375,53.23332,28.0428,522.74316,,37.67826,,52.272160500000005,,111.14219,0.735321269831939,74.18733,0.09257572329741508,,28.207531666666668,14.90625,15.13003,0.8363835869492217,,901.4967135,,,379.86571666666663,0.0877654320616736,54.8775525,,,0.04522428687884888,56.1765,27.952030166666667,,0.016856560807587188,380.79627,60.76769241388728,903.14791,,13.000821333333333,195.6043135,196.26317,,0.034121616431249883,13.03993,110.9209675,525.2927921666667,,0.1581185317186233,37.785901833333334,527.45767
2025-01-01 23:00:00,5756.9400000000005,45.5,1.0,12.94732,740.1933,27.988438166666665,108.25149,75.131259,,0.9800508411108653,28.19275,3700.46045,29.46782,,,737.5392688333334,517.92899,0.050215146766991695,,26.18023,897.53953,2.916848966889961,,0.1470948913487709,,,28.08134,49.33096,65.18254,1.8589189389996779,,515.1097551666667,9.9960975,,1.0155665135895096,1.6234279672077125,25.55158,190.53079,28.49584,75.61021,0.26319908153184823,511.75071,,734.68628,,28.356694333333333,38.13712,,27.91755,3808.5969131666666,,0.08225042800087788,378.10403,3965.88525,59.71097,29.19834,520.80212,,37.94595,,57.282819333333336,,109.18052,1.3653590381157557,74.57793,0.14420636720429525,,29.32747,9.88506,10.12992,1.1757117073455028,,900.9394985,,,379.82317333333333,0.071054363908968,61.7193165,,,0.0533167490765366,64.44231,25.819160333333333,,0.031961694933949285,382.1553,63.46066113706043,902.74359,,13.003444,190.79348033333332,191.07629,,0.0410203846180047,13.07459,108.67753833333333,524.6671875,,0.2369710246801674,38.02090366666666,528.65481
2025-01-02 23:00:00,5888.679999999999,41.4,1.0,12.9328,741.97404,25.386066833333334,107.6284,75.23224666666667,,0.9302334323971949,23.17626,3656.827,26.30745,,,739.8249023333334,518.32661,0.07293400307851268,,23.24033,899.03057,3.4769051817230756,,0.14506080290914805,,,25.57401,45.28718,64.83065,1.8760992389249123,,515.2010048333334,9.995285166666667,,0.7829725610820274,0.8083051935415481,22.71648,190.99146,23.59727,75.57159,0.21209447265990528,512.4163,,738.70178,,23.373255500000003,35.57073,,25.22643,3733.2614436666668,,0.10294917158605392,378.45764,3860.177,59.14437,25.88288,521.36121,,35.31453,,55.17452566666667,,108.40704,1.2876596186426668,74.7024,0.13572387998451393,,26.078845333333334,9.8309,10.18462,0.8927014396864087,,900.4016656666666,,,379.99586833333336,0.09461315086623158,61.72228883333333,,,0.05163063233116104,63.83925,22.9714755,,0.027705952189943442,381.89118,54.153099571574536,902.26907,,13.002351166666667,191.26777816666666,191.51888,,0.0875044152976424,13.06581,108.04486399999999,524.9421603333334,,0.20771229545604017,35.406085,528.84945
2025-01-03 23:00:00,5845.01,42.1,1.0,12.93176,746.64526,26.409471166666666,106.99643,73.50910883333334,,0.8577675925933314,21.25245,3419.82617,26.61614,,,743.5467301666666,512.61224,0.05136306833939385,,23.36148,902.53061,3.572116288022714,,0.2674697504389701,,,26.53898,38.28132,56.65339,1.5857707698134962,,510.0988855,9.9930015,,0.36391186440805634,1.2271156401054153,22.60163,189.24404,21.81508,73.82678,0.148384561271091,508.01456,,740.6264,,21.526749833333334,35.52525,,26.34604,3511.6436249999997,,0.16133779852277547,379.39299,3652.21021,56.74252,26.50039,517.34467,,35.30176,,48.02774433333333,,107.6276,1.067039774243839,73.22587,0.15316677334399215,,26.544281333333334,9.89799,10.1024,0.7113473974793533,,903.8404933333334,,,380.076662,0.03418077879262198,58.41649483333333,,,0.0645743432571363,61.20995,23.011599,,0.03262408417269907,381.0571,53.45130838222187,905.20874,,12.991952166666666,189.49276633333332,190.24395,,0.051142307508166035,13.05771,107.30080966666667,519.9805798333333,,0.1287134494979771,35.37024616666667,523.52362
2025-01-04 23:00:00,5919.41,42.1,1.0,12.94114,746.16345,24.4243755,106.97422,73.5573735,,0.9273317009909036,22.97864,3320.64813,24.87875,,,741.8117996666666,514.4635,0.055404117480430164,,23.30281,899.3989,2.870703127897668,,0.10634354710635435,,,24.62759,46.33936,61.17233,2.241200665882873,,510.6013825,10.013126333333334,,0.42064020487418946,1.2544367290257854,22.63549,194.77228,24.18556,73.9298,0.1610932207960457,508.15723,,738.4292,,23.512556833333335,33.57965,,24.22175,3438.745033333333,,0.3552819783505072,379.27139,3588.27747,55.51903,24.7725,517.02472,,33.38781,,54.9186285,,107.72002,1.494265896960467,73.03486,0.13745250399858203,,24.82468533333333,9.88686,10.14642,0.6944345115612575,,900.5408303333334,,,379.95151400000003,0.02520973463220017,57.514978166666666,,,0.05289322865786652,59.58422,22.974834333333334,,0.042562347731046335,381.12656,66.98120276799627,902.35059,,13.004482833333332,194.9578058333333,195.20096,,0.12422213795202909,13.11018,107.33323,520.6723855,,0.20213024832404872,33.467618333333334,526.6076
2025-01-05 23:00:00,5898.150000000001,41.3,1.0,12.91914,741.87781,24.769050166666666,107.26925,73.238995,,0.8442668283046999,21.86069,3327.6488,25.49678,,,738.4011098333334,514.14319,0.05267443037400597,,23.27185,898.68743,2.5720623770103552,,0.11998807726506251,,,24.84011,51.67145,63.96194,1.7972714568922836,,510.64567516666665,9.994050166666666,,0.44643100395147906,1.4070671794937408,22.54679,194.35536,22.17322,73.55208,0.13618298538994256,508.62085,,735.19104,,21.981068333333333,38.44293,,24.68555,3423.5675628333333,,0.07513275972314604,379.09465,3540.1897,54.22898,25.35196,517.59357,,38.2518,,58.59499016666667,,107.8865,1.1975751239016816,72.75801,0.1379821806635842,,25.4271025,9.85261,10.09986,0.6170516660870974,,900.0496816666667,,,379.9446791666667,0.04435227059805794,56.9645315,,,0.04629555330625325,59.39208,22.969087000000002,,0.03552368635873975,380.91836,49.546045655959155,901.36897,,13.001359166666667,194.585043,194.8029,,0.047021996024640494,13.11082,107.57120233333333,520.5179761666667,,0.15469677430818324,38.353645,525.96985
2025-01-06 23:00:00,5902.11,40.6,1.0,12.92769,739.71216,25.1127325,107.14919,73.27420366666666,,0.8964461284234667,22.34394,3248.29883,25.65123,,,737.1060513333334,512.92368,0.06087324082447563,,23.28198,899.71545,2.859909009601035,,0.12007983410897584,,,25.26505,49.1689,61.51496,1.600135178314381,,510.67824183333335,9.995247,,0.3664446597608067,0.8789336916727685,22.81388,195.2294,22.61147,73.65509,0.1687801936796191,508.87047,,734.44188,,22.470444166666667,39.09254,,25.03329,3325.067378,,0.06361901392816509,378.93599,3420.84326,56.2419,25.45816,517.66467,,38.8633,,55.882888333333334,,107.79554,1.059951386170953,72.77089,0.11898559202183058,,25.5216345,9.84948,10.1481,0.3916890456128664,,900.3333366666667,,,379.9729485,0.06720693959893,58.555352,,,0.06567986852953543,60.29802,23.024026166666665,,0.03553412412439825,380.75662,47.34838801796089,901.41199,,12.999343000000001,195.47779383333332,195.7406,,0.07805776919008298,13.07705,107.50505666666666,520.3740876666667,,0.20461014115702034,38.95728233333333,523.75713
2025-01-07 23:00:00,5940.72,41.0,1.0,12.91116,740.13917,25.741468333333334,107.2731,73.2450755,,1.2908896342071086,25.48364,3142.95215,26.65472,,,737.811048,514.72021,0.046453724197701926,,25.37766,898.93329,4.841982704674645,,0.12339753227850837,,,25.96008,41.86499,61.11677,2.32180900989721,,510.6571236666667,9.988627166666667,,0.43549680100906624,1.146970527877535,24.62672,190.80073,27.55126,73.62934,0.14341739619905058,507.24754,,735.86414,,26.39234916666667,38.48115,,25.36161,3237.5123975,,0.6017851202549912,378.74867,3330.68445,55.88249,26.42322,515.74428,,38.09888,,49.836283333333334,,107.83768,1.5716721688428072,72.58203,0.15825158120290664,,26.5821655,9.91436,10.10253,0.5313723336673151,,899.9474583333334,,,379.96759583333335,0.06246343256834557,60.07958683333333,,,0.10461856257538361,63.01818,24.986093999999998,,0.03667886402067896,381.05817,45.237776773526406,901.05247,,13.0025955,191.04217733333334,191.24353,,0.17972826671061692,13.06386,107.54329116666666,520.7091833333333,,0.17326263928190538,38.3328845,526.66626
2025-01-08 23:00:00,5842.47,39.9,1.0,12.91336,739.51965,26.5568705,106.02223,73.31134283333334,,0.7709380650044809,22.05306,3034.3147,27.23328,,,736.640656,512.76129,0.0513806515277145,,23.40359,898.67701,1.7959568253003888,,0.10100503565380609,,,26.6933,52.62293,60.57968,1.4062892037511812,,510.47756599999997,9.998823333333332,,0.5357337235357179,1.0700774486246556,22.69855,190.24716,22.49119,73.68943,0.3499118028303731,508.62085,,734.08548,,22.3082675,40.68657,,26.34604,3170.042460333333,,0.11432046052060799,378.87531,3276.13525,56.25984,26.89582,517.55798,,35.95613,,56.038536,,107.25581,0.9414784003826603,72.89322,0.13448407249013092,,27.117479166666666,9.84778,10.11235,0.3999024662253101,,899.5322613333334,,,379.96225566666664,0.106152319458462,58.094824833333334,,,1.693723697759992,59.8927,22.974565833333333,,0.029504907340562058,381.3558,67.87499735391494,900.43338,,12.996015666666667,190.48712883333334,190.59995,,0.10342321662486409,13.04479,106.821206,520.109886,,0.1746728387013018,39.37740766666666,523.43249
2025-01-09 23:00:00,5657.18,41.6,1.0,12.93508,755.17957,25.534500666666666,106.16879,56.145674500000005,,0.722138836146536,18.77037,2469.00374,27.00189,,,753.3954068333334,505.54638,0.05316028561923499,,15.21326,892.89374,3.9618807055919727,,1.022166695640872,,,25.72845,32.49375,48.20817,1.6170188904521232,,503.45784249999997,10.011676999999999,,0.5411051298717847,0.7728632609724204,14.78501,197.46671,20.10267,56.5805,0.257678795704911,501.22989,,751.27234,,19.698964166666666,39.2167,,25.30368,2522.2470384999997,,0.3843512649369311,378.94275,2591.8269,43.2187,26.53898,509.65485,,37.98418,,39.85716733333334,,107.19227,0.9678370662998023,55.66196,0.10564190612216498,,26.775270166666665,9.91508,10.14268,0.8622074500109649,,894.1003061666667,,,379.83550399999996,0.11606987837537279,44.67971033333333,,,0.3807570174631396,46.48868,14.948302166666668,,0.030536545834875597,381.28568,29.667611408636983,896.12828,,12.996183,199.564402,200.8532,,0.11858212549825323,13.04501,106.81321,513.014823,,0.20167152345071276,38.481796833333334,516.32227
2025-01-10 23:00:00,5769.6,39.7,1.0,12.94054,739.08064,25.610079,107.52079,55.6013815,,1.0539851129564766,20.05777,2667.66699,27.00189,,,737.718607,512.14698,0.06457944109612698,,15.22832,900.10582,5.991848188570217,,0.11865063885015224,,,25.78636,35.18844,60.30304,1.3402915013466372,,510.51090016666666,9.9917675,,0.46797019204582485,0.6971561900631883,14.78575,184.94687,20.25323,55.93666,0.2323656018220872,508.37119,,736.00836,,20.159557666666668,37.90532,,25.03329,2729.3132485,,0.055002056952802525,378.58966,2809.57019,45.84163,26.51004,516.98914,,37.52528,,46.307134166666664,,108.45102,0.8460445463959974,55.30141,0.09671720810597001,,26.828455,9.8508,10.11958,0.7050235385310317,,901.7733355,,,379.852822,0.1571999460635141,48.10725516666666,,,0.1016590733358165,50.3542,14.9925695,,0.02297695246617297,380.84513,40.919152330104666,903.51419,,13.003346666666665,185.1905043333333,185.37666,,0.2129016117134119,13.04412,108.03248816666665,520.4569966666667,,0.14831219935451348,37.77121183333334,523.13116
2025-01-11 23:00:00,6066.82,39.3,1.0,12.92676,742.55174,25.431407333333333,107.87614,72.91303466666666,,0.9830297879537409,30.12623,3151.91479,28.12308,,,740.1222071666667,514.08034,0.05833412166279264,,20.23117,897.49747,3.7895730801829117,,0.07362316327869459,,,25.49678,45.58698,64.40932,2.086269512791899,,510.5100566666667,9.995743000000001,,0.36844522605051244,1.0300572074257581,19.66979,194.10568,30.96678,73.17651,0.10518453570952566,508.01456,,738.46124,,30.550434833333334,36.53362,,25.3423,3244.4560355,,0.2442761804818863,378.79645,3348.28442,52.60441,27.92719,516.38458,,36.33903,,54.50003266666667,,108.29086,1.3690875549618637,72.52194,0.1087303544439828,,27.998793499999998,9.82803,10.15127,1.3318764069542515,,900.7483355,,,379.9924935,0.06035929978547656,55.35592416666667,,,0.05419824712568826,57.32707,19.953114333333335,,0.02996565202998136,380.77451,46.35637955842501,903.56042,,13.002213666666668,194.26045316666665,194.37711,,0.03990531347597343,13.05519,108.05142033333333,520.7548995,,0.14774269384518776,36.43482316666667,526.14202
2025-01-12 23:00:00,6017.57,40.3,1.0,12.92369,742.4404,27.27665,107.72197,72.82713,,0.9513702196558499,21.74749,3134.89117,27.88865,,,740.3057809999999,514.47671,0.0670444717899907,,24.16728,895.57469,3.683046237159735,,0.11768084288161705,,,27.58029,44.97639,59.42217,1.8055525822096958,,510.3789976666667,9.999274166666668,,0.45729918571509176,1.3351223742245149,23.77715,190.94078,22.10848,73.13573,0.0982900053485216,508.51385,,737.4391,,21.910454666666666,37.90771,,26.96332,3240.3402011666667,,0.07832169328398436,378.81,3353.84631,53.96102,27.23569,517.37138,,37.48703,,53.156616666666665,,108.15509,1.2279638424952966,72.35025,0.09371603612211091,,27.536500999999998,9.86883,10.16695,0.8133604694011839,,898.6025845,,,379.89128450000004,0.16936858500153937,56.96517166666667,,,0.12306797088954372,58.59281,23.961652,,0.02943853916250929,380.81485,52.895321432116816,900.46923,,13.000748666666668,191.25190483333333,191.41458,,0.17303669327729204,13.05589,107.96893333333334,520.3508125000001,,0.16777470597829042,37.713714333333336,526.09805
2025-01-13 23:00:00,6125.7,38.5,1.0,12.92635,750.33216,27.796894166666668,107.70693,72.86155099999999,,0.8620571669196883,21.56964,3273.86182,28.00427,,,747.6625283333334,512.89709,0.07223295236310374,,25.1476,899.17963,2.855449809770125,,0.28094007082434314,,,27.92719,42.42986,56.80619,1.3455180422382285,,510.13206449999996,10.008557833333333,,0.6151045384445927,1.2009047430240225,24.73178,192.58532,21.80992,73.26879,0.13191118628275753,507.91198,,745.00745,,21.67714116666667,37.94595,,27.61883,3343.6123071666666,,0.05829447306684357,378.94155,3486.54675,51.43995,27.6622,517.54021,,37.64002,,49.208324166666664,,108.28915,0.9621496214337745,72.4597,0.1019782326639355,,27.871022666666665,9.83661,10.23295,0.8065069911575569,,901.2433893333333,,,380.1032353333333,0.09655549356992198,54.65279116666667,,,0.08428143676762369,56.39238,24.96465016666667,,0.028733541004269714,382.07786,52.042545758758806,902.6727,,13.000421,192.99788866666668,193.41254,,0.1012865662833065,13.05932,108.0023925,520.3619833333333,,0.17786857964829897,37.81894833333333,524.02014
2025-01-14 23:00:00,6074.85,39.1,1.0,12.94745,749.96453,28.328424666666667,105.66053,72.83855216666666,,0.8752087527412445,20.74591,3213.03967,28.50515,,,745.8088621666667,511.86426,0.07546433419172278,,26.45103,900.50325,2.0791082929647717,,0.16012650604080544,,,28.65923,44.64997,52.81045,1.2394380002178473,,510.4792013333333,10.0139935,,0.5142690766821624,1.7737807845391562,25.68706,192.19801,21.37899,73.2087,0.5936524959286679,508.55842,,741.51382,,21.009306,36.22417,,28.11024,3279.8979288333335,,0.16659792353478778,378.42694,3369.94019,52.24789,28.11024,517.1936,,35.4199,,49.214842833333336,,108.57735,0.7932525525542132,72.10559,0.13379300198694202,,28.28698316666667,9.82681,10.15744,0.5949383904250861,,901.7888913333334,,,379.969167,0.1268005196547616,54.16977383333334,,,0.22201485643499438,55.94036,26.062747,,0.026879902190664145,380.83512,42.490409420811524,902.90576,,12.998243500000001,192.58078433333333,192.78215,,0.14763719935060238,13.05123,107.74656883333334,520.3175641666667,,0.22780818427055574,35.89344633333334,522.47914
2025-01-15 23:00:00,5599.54,43.0,1.0,12.93883,730.72168,28.40694016666667,106.10738,76.06927300000001,,0.7310994904954523,22.11229,3076.1228,29.4197,,,723.2171338333334,512.36741,0.06386113194948942,,24.19971,900.87511,2.8091980512385337,,0.9733564294676529,,,28.69774,49.77313,62.026,1.0187237638795659,,510.31050866666664,9.987689166666666,,0.5249004808559303,3.212739666104188,19.8049,184.89934,24.00242,76.38282,0.5622373044632091,508.79229,,717.83763,,23.468140666666667,36.83901,,28.11987,3225.324915166667,,0.5100815444674726,378.72955,3344.23923,56.57584,29.15984,517.39805,,35.95613,,55.622333000000005,,108.51996,0.716232065624477,75.78405,1.1162813868548227,,29.293011166666666,9.74951,10.11169,0.9594158112816726,,903.2476898333333,,,379.9721385,0.06085945359462285,58.523998,,,0.252876846503807,60.03739,22.819274333333333,,0.025222703280233984,381.24451,60.16733736361315,904.91708,,12.9940795,186.73123266666667,188.04299,,0.19840912376926217,13.04474,106.92565566666667,519.3739505,,0.1752818945110705,36.2519315,521.99794
2025-01-16 23:00:00,6038.97,39.6,1.0,12.96993,748.96434,28.2891275,106.80592,76.25556866666668,,0.8067362495873062,26.61367,3210.46751,30.96808,,,745.0960206666666,511.39666,0.05168108393635123,,22.2026,899.45017,2.2896972790174672,,0.3036497620838088,,,28.38717,45.41971,55.06065,0.8936211582974595,,510.2733676666667,10.000690666666666,,0.5152098782289831,2.0758805495229367,21.74089,192.89714,26.90764,76.6146,0.2672079192491648,508.69217,,741.30626,,26.773023000000002,36.45387,,28.15841,3289.0665001666666,,0.07422998855595347,378.80856,3417.99416,54.17168,30.58357,518.05566,,32.65854,,49.764177000000004,,107.77536,0.6353008750467343,75.7583,0.08869152997158496,,30.774276,9.86747,10.12048,1.3033354083559914,,901.5257163333333,,,379.9652008333333,0.08910459462748707,55.809161333333336,,,1.3051686761169692,57.26167,22.02800166666667,,0.02103589754262287,380.86429,52.480566513689745,904.24457,,13.003881,193.4885,193.92836,,0.07299632214150588,13.06435,107.11865916666667,519.8395358333333,,0.1852556654955316,33.53985983333333,521.78058
2025-01-17 23:00:00,5926.01,39.2,1.0,12.95254,740.09705,27.435631166666667,105.22643,76.110657,,1.1642370758090674,30.39575,3188.18256,30.77344,,,736.7327225,513.6825,0.25822606301844436,,17.23822,898.4118,3.192937713921024,,0.32732434161669044,,,27.50318,45.57367,60.52065,2.1371614430050063,,510.59346833333336,10.026590166666667,,0.4218432701447511,2.037241773574915,15.12553,187.1174,31.32294,76.50515,0.4264008886891421,508.05023,,733.11209,,30.6336935,32.37055,,27.32968,3283.991583666667,,0.25160915255660876,378.99216,3421.65869,53.31339,30.58357,517.00653,,31.27561,,52.768042666666666,,106.77732,1.5139019285458364,75.68962,0.7664465268340195,,30.665168166666668,9.18549,10.5378,1.3580099395480532,,901.3350993333333,,,380.01337383333333,0.044863610957069505,56.864571166666664,,,0.23088699001372792,59.05061,16.386507,,0.033161299100771834,381.1446,60.44810169550514,903.24756,,13.0054425,187.65410566666665,188.26298,,0.04552376503939056,13.06681,106.19612883333333,520.1305515,,0.1894172641112462,31.428961833333336,524.27688
2025-01-18 23:00:00,6059.38,39.3,1.0,12.94936,738.01629,27.088424,107.21849,75.96953683333332,,1.0342054078997682,24.63687,3171.25832,29.50631,,,734.4940166666668,513.08162,0.12466548624444959,,16.23927,897.63733,3.2857581065978443,,0.11173706228664188,,,27.19472,48.16592,63.18698,1.1877575764657837,,510.4101473333333,9.966119333333333,,0.6130971841316234,1.937635943109374,15.89527,189.15103,24.8396,76.40214,0.21012041868661446,508.44895,,730.67372,,24.727797666666667,35.4199,,27.00189,3258.2021936666665,,0.04832369413447358,378.78113,3338.37227,55.17062,29.31624,517.54464,,35.22832,,54.83247333333333,,108.00048,0.896730481845408,75.61236,0.074437752082807,,29.391442833333333,9.32865,10.29849,0.502815937990295,,898.6206725,,,380.02409883333337,0.04600756795120957,57.50016883333333,,,0.05644731543560956,59.47773,16.039907333333336,,0.025807718634194027,381.71701,44.44220806387841,899.65643,,13.0029075,189.34954783333333,189.54311,,0.04705554688029427,13.05896,107.58856633333333,520.2259808333333,,0.16835404333354154,35.34103266666667,523.76042
2025-01-19 23:00:00,6002.879999999999,38.8,1.0,12.95356,740.20535,26.553785833333333,108.18088,75.86968233333333,,0.9290131534473967,23.39283,3241.16675,28.54126,,,736.9525046666666,512.63004,0.08706547712371224,,15.12948,898.47906,3.075512519267469,,0.062029457668267805,,,27.54173,46.12928,60.98481,1.183545754794943,,510.6695545,10.005495,,0.5151553077613313,1.6522717642374858,14.85955,189.84013,23.73107,76.24976,0.14886437382475293,508.95278,,733.94114,,23.550173166666664,34.61512,,25.72845,3336.726805,,0.10199807002978827,378.42675,3447.23096,54.59128,28.28363,518.49746,,34.23411,,53.9644155,,108.8663,0.8549465366542139,75.38916,0.06563726205290868,,28.41538316666667,9.79704,10.20816,0.5752373693634117,,899.6589828333333,,,380.0093015,0.06167422790848116,57.10198383333333,,,0.12218094332485557,59.04366,15.002407166666666,,0.025433013864051855,380.97932,43.87220262309878,901.51299,,13.003184166666667,189.96294483333335,190.10437,,0.8023751106797098,13.05745,108.56119699999999,520.7031013333333,,0.20029474485914803,34.44650633333333,523.61445
2025-01-20 23:00:00,6119.3,39.2,1.0,12.96687,741.39648,26.5548935,108.33637,76.012293,,0.8348477542811992,23.86234,3241.32849,26.91511,,,738.0440216666667,513.09951,0.11653034840325072,,20.20133,898.58991,2.875557590224967,,0.11757138121977177,,,26.57756,48.04901,59.86029,1.1256760298826727,,510.5441405,10.003974,,0.314563528369024,1.9248717681015546,19.79018,189.96485,24.12487,76.41716,0.10468841256237374,509.19138,,734.21757,,24.008651999999998,32.85049,,26.53898,3284.7905164999997,,0.05559019608723029,379.26443,3388.48204,55.83561,26.7801,518.71309,,32.65854,,53.3550125,,108.8349,0.8058560374153174,75.46428,0.08819763103570712,,26.8453525,9.72861,10.19026,0.8762720401108594,,900.602131,,,379.9182788333334,0.0278335071588673,57.90321433333334,,,0.03845469566296274,59.57323,19.979275166666664,,0.02201795053245693,380.79914,39.46710806081016,902.13497,,12.998820333333333,190.14813166666667,190.35386,,0.01792454172404183,13.06583,108.5427185,520.5002686666667,,0.21998036326307677,32.75493133333334,524.33238
2025-01-21 23:00:00,6121.83,38.6,1.0,12.93972,746.37725,28.378056333333333,108.09703,74.13898583333334,,0.8807470948882695,22.03372,3285.39226,29.19834,,,743.3196021666666,512.18488,0.08390816690822361,,24.28089,898.8209,2.230823030127542,,0.10855695985605715,,,28.77477,44.94977,55.68919,1.1542187454476234,,510.4418268333333,10.995578,,0.4427815927305939,1.5459548464321804,23.78447,189.99155,22.50931,74.58222,0.21689130434332105,508.5561,,740.16024,,22.285127,35.4199,,27.46463,3363.0265368333335,,0.12301807209525509,378.44503,3456.08716,55.03056,29.01064,517.65333,,35.11337,,49.84792683333333,,109.01904,0.7779160153800159,73.34605,0.10976385582574257,,29.095779,10.83517,11.20556,0.661217302311144,,900.1925530000001,,,379.93379999999996,0.04292733105523202,56.54667866666667,,,0.08781120208240754,58.71956,24.02371683333333,,0.022352802735702806,381.09181,41.97353742787669,901.55082,,12.997133833333333,190.20411416666667,190.39118,,0.5308744992996642,13.04542,108.56663449999999,520.2947721666667,,0.25895490449171515,35.281085833333336,523.06244
2025-01-22 23:00:00,6205.24,39.5,1.0,12.91682,771.29165,29.459422166666666,107.96836,73.93641366666667,,0.7788284932932996,23.10732,3584.54733,29.12134,,,766.7457566666667,511.9711,0.14220731183484756,,24.29428,904.83196,2.1233386660119105,,0.08271765141417622,,,29.53517,45.30049,55.94963,0.9315126192233185,,510.63916916666665,9.988778833333333,,0.3752212893316174,1.8994550230943181,23.8072,175.26097,23.39085,74.36975,0.19708625712364422,508.097,,762.62217,,23.286659166666666,35.02715,,29.38121,3664.6103046666667,,0.06568317299391005,378.90036,3756.80835,51.68476,28.87105,517.93784,,34.77084,,48.88032466666667,,108.85452,0.6601279613968457,73.36107,0.08723439664211703,,28.980678,9.49225,10.33374,0.7803349742468908,,906.527951,,,379.94409533333334,0.06635965574945421,53.2743815,,,0.06148014920341321,54.84227,24.001308666666667,,0.022942324366651116,380.6499,45.16189775095059,908.33342,,12.999926333333333,175.38466766666667,175.55592,,0.03336318604931953,13.04019,108.42500766666667,521.4833915,,0.2024021487372277,34.88710283333333,523.19769
2025-01-23 23:00:00,6077.85,38.2,1.0,12.95138,739.84144,30.17526966666667,106.76085,73.88358333333333,,0.7777675588426839,22.92654,3448.51892,30.31675,,,736.3792503333333,516.91803,0.07162189238957045,,25.31284,899.00686,2.878417713527135,,1.6871241819747806,,,30.31434,50.27317,62.29396,1.167538244143332,,515.4088848333333,8.017888166666667,,0.39439011121999235,1.6036997221541267,24.69331,177.58034,23.25962,74.30752,0.14893819205239617,513.39331,,733.52364,,23.0801815,33.65639,,30.04506,3519.746156,,0.0968208896220416,379.06055,3596.64478,56.83281,30.00899,522.42152,,33.42619,,55.693397,,107.39244,0.8159548280295474,73.58642,0.11762488323583122,,30.188907500000003,7.87401,8.17966,0.6793406897530182,,901.0686413333333,,,379.9275158333333,0.07667346675228344,58.333723166666665,,,0.06515829728741748,60.07617,24.948733833333332,,0.023897092943665595,380.99585,34.39637203812426,902.3595,,13.001356166666666,179.085626,182.06415,,0.07380007176898865,13.03953,107.03523916666667,525.5039701666667,,0.15856936403050956,33.538408833333335,527.20978
2025-01-24 23:00:00,6274.21,37.5,1.0,12.96165,762.80037,30.698896666666666,107.78722,73.82425566666667,,0.7364420840177648,17.91879,3823.78888,30.15807,,,759.2094385,517.20915,0.36976145312520065,,25.17972,893.34879,2.1445116591030176,,0.0876669896200378,,,30.80468,44.1916,53.01822,0.9403260799449867,,515.2741026666666,7.911487166666666,,0.5535217983890333,1.6820408952633912,24.83793,179.62829,18.63447,74.1766,0.19844676203378492,513.43121,,755.07696,,18.216009,33.54129,,30.58357,3930.6466443333334,,0.1894933812510754,378.74552,4070.98291,55.10695,29.93925,522.92059,,33.42619,,48.71581983333333,,108.58618,0.6863465155317782,73.2924,0.08354469459466098,,30.045362833333336,6.07103,8.42261,2.5580696163130368,,898.837121,,,379.9505028333333,0.0399661410548873,56.76960166666667,,,0.028816628107402462,58.17958,25.017435,,0.019545580826123017,381.40936,54.78889664013949,901.76894,,13.001563,179.80150233333333,179.94992,,0.045545789984488785,13.05521,108.286219,525.7174608333333,,0.19206102349775123,33.474344333333335,528.22783
2025-01-25 23:00:00,5840.42,40.6,1.0,12.93314,726.86183,25.44761683333333,107.66506,72.19919499999999,,0.8896183331590978,24.49522,3293.88643,27.92719,,,722.8323746666666,518.48212,0.0694600432871037,,17.13607,899.55629,2.6288788964913383,,0.5066264834726201,,,25.61262,52.83822,68.63193,1.4316680231226742,,515.6549441666667,7.015249666666667,,0.3762887211920623,1.8121281517910086,16.75091,170.07654,28.20694,72.54769,0.20456313316217822,513.716,,720.19879,,26.375783666666667,34.53844,,25.30368,3377.8751026666664,,1.1518421231977816,379.03846,3460.39331,57.46597,27.4068,522.84961,,34.32757,,62.604418333333335,,108.5902,1.0169667076201114,71.81801,0.06813256188602214,,27.753862166666668,6.86645,7.21681,0.9911114217115059,,901.2909426666666,,,379.9221305,0.14326194790995578,59.821994333333336,,,0.0497838314332557,61.82575,16.961332000000002,,0.02660254619307688,380.84835,40.99353971354075,903.4361,,12.999519333333334,171.03381366666665,171.60064,,0.08004754763902955,13.0566,108.14234483333333,525.5492713333333,,0.1572289754261582,34.44072083333333,529.44897
2025-01-26 23:00:00,5847.38,41.0,1.0,12.94417,729.81498,26.156522666666667,107.75172,72.1134355,,0.911978590711882,21.51064,3415.49414,27.11759,,,725.8780243333333,517.43569,0.09495435410963793,,23.29633,901.57983,3.2268013964165543,,0.10473317577912877,,,26.30745,49.34485,63.35772,1.3033657035345594,,515.3955316666667,7.001909833333333,,0.7026723307154568,1.6472175143004497,22.77821,170.25887,21.76288,72.47258,0.11692971521569548,513.11078,,722.94466,,21.650755,34.53844,,25.99869,3502.9746231666663,,0.059370017671419216,378.27789,3629.75293,59.32667,26.77045,521.89154,,34.26047,,57.53418166666667,,108.23603,0.9088468049615043,71.70641,0.11021466083329697,,26.940054,6.83828,7.18858,0.8433429704670723,,903.5406433333334,,,380.04424833333337,0.08677972721157279,61.63639466666667,,,0.07117914747649173,63.23328,22.98085133333333,,0.02625637932438483,381.5691,46.99252187710284,905.74241,,13.001979166666667,170.40651616666668,170.65462,,0.0705445508199986,13.06135,107.9775725,525.1857491666667,,0.1884771107842446,34.40208533333334,528.08842
2025-01-27 23:00:00,5899.8,39.5,1.0,12.93208,733.72487,29.919208166666667,108.07093,70.51037316666667,,0.920695946211603,20.63756,3503.88916,30.50425,,,730.5149795,517.47119,0.25433638027721195,,23.25625,901.10748,3.417883928715756,,0.12261283659803393,,,30.00658,46.8371,61.63476,1.4474758019059915,,515.31134,7.937798833333333,,0.42859821650478724,1.4214900081639352,22.7548,170.80828,21.9284,70.94239,0.209421280040666,513.55132,,727.8881,,21.204076833333332,37.98418,,29.84305,3604.1488875,,0.3808611173024302,379.12258,3693.05664,59.05813,30.20135,522.40169,,37.83123,,54.39960833333334,,108.94186,1.0124273167031574,69.59891,0.11169694120649545,,30.355731166666665,7.21323,8.47545,1.55826717221117,,904.3104623333332,,,380.18076766666667,0.06787292710800863,61.536790833333335,,,0.035287733157745985,63.21708,23.039672166666666,,0.029598182996510392,381.31504,46.38584730551156,908.17902,,13.0023435,171.04925216666666,171.19089,,0.040309471212896415,13.05021,108.45201483333334,525.3319749999999,,0.23396659324401411,37.87831266666667,528.42017
2025-01-28 23:00:00,5881.4,40.1,1.0,12.94472,733.94116,29.0983715,107.9362,60.288796833333336,,1.1048183924058645,19.51096,3221.427,29.27534,,,730.5196833333333,518.0933,0.14352852014819975,,23.22789,724.67853,3.2576381030462267,,0.11784797188866743,,,29.23684,46.16978,62.44097,1.6374809702762663,,515.4533825,8.035083,,0.6977880088864112,1.3155001924558312,22.7104,171.87699,20.49781,60.70965,0.24366692761685702,512.7547,,728.0321,,20.028496,37.02795,,28.96732,3277.782234,,0.2853981738637203,278.47246,3413.35718,52.73521,28.96973,521.28809,,36.91316,,52.540311833333334,,108.84219,1.0859958672356875,59.78252,0.11989451695937146,,29.130041666666667,7.50923,8.36654,2.6040587532357007,,730.3589753333333,,,279.9548403333334,0.0756917803155963,54.92942183333333,,,0.03810677953384115,57.44514,22.999286166666664,,0.030130680763580775,281.70212,48.67117826070513,735.06957,,12.998697666666667,172.05171116666668,172.36882,,0.06219163295473242,13.08157,108.31878400000001,525.1384803333333,,0.16387744691825715,36.977651,528.95322
2025-01-29 23:00:00,6052.47,39.1,1.0,12.90524,740.75573,28.457832833333335,107.31316,74.45593416666667,,0.8725151537272746,23.28663,3568.59254,28.8903,,,738.380728,518.15995,0.06560824902898774,,23.24587,893.82457,3.13288201148403,,0.19329200756725942,,,28.73626,46.0523,59.92222,1.4884928320174737,,515.4738073333333,9.991528166666665,,0.3564787735752582,0.962374540408499,22.79405,185.96046,23.68466,74.94062,0.22973813856097672,512.89709,,736.70563,,23.478361333333332,36.53043,,28.25473,3698.9956908333334,,0.10440160162526664,379.32451,3848.05031,57.57169,28.35828,522.42383,,35.95613,,52.32312666666667,,108.24339,1.0611251468691927,73.78601,0.10680722109612607,,28.583067833333335,9.83188,10.14352,1.557961914864111,,897.5517941666666,,,379.96886066666667,0.12658929322668794,59.648208999999994,,,0.15486116940055308,61.4021,23.003946166666665,,0.02625587363665002,381.05262,59.85203888515778,900.47455,,12.9979825,186.21492933333332,186.62339,,0.12606159690353586,13.05235,107.84183583333333,526.0176656666666,,0.23036708681824297,36.20737316666667,529.77837
2025-01-30 23:00:00,6174.29,39.0,1.0,12.93089,756.62738,27.853321333333334,107.28939,74.45130716666667,,1.2781379004430764,21.85674,3608.1377,27.58029,,,749.7980245,518.09119,1.0108144994180606,,25.19844,893.1601,2.687172293729224,,0.2003601480360129,,,27.96573,41.93617,55.53292,1.9206396488174342,,515.3418831666667,6.844996333333333,,0.4140810858343238,3.071340150919294,24.69341,186.02144,22.64576,74.88268,0.24780604807252815,511.75739,,745.92267,,22.2718145,35.03673,,27.74411,3726.616990833333,,0.24521413258291405,378.9895,3837.86633,57.96255,27.42607,521.67853,,34.8451,,48.78572066666666,,108.34123,1.5235057489385821,73.98703,0.09798331825620754,,27.497262666666664,2.93945,8.44997,2.896288648818579,,899.7140841666667,,,379.8605718333334,0.04479947475731465,60.41225633333333,,,0.04915533927468084,63.03419,24.991776666666667,,0.028184128459718138,380.63717,66.77093829808001,904.03668,,12.9977175,186.44020899999998,186.72309,,0.0540021026416326,13.04467,107.86893116666667,526.4577126666667,,0.1935039197088362,34.92570933333333,530.21848
2025-01-31 23:00:00,6285.91,37.7,1.0,12.95062,757.37157,28.584475666666666,106.54392,72.19157766666667,,0.7789085171113195,23.29755,3795.96997,27.81157,,,753.889882,520.11633,1.1305710566779312,,30.27819,886.68713,2.469355524822314,,0.15878123226166738,,,28.69774,45.7635,56.01985,1.0655327604636435,,518.5020271666667,8.522934333333334,,0.39815281791999896,1.6812924324347083,29.11285,168.48903,24.904,72.53338,0.2610025222067315,516.31348,,749.05469,,23.826409166666668,35.19001,,28.36069,3894.4198374999996,,0.4752895167436504,378.9933,4009.07886,55.1957,27.65738,526.78473,,35.03673,,50.87313416666667,,107.41978,0.7598948178800747,71.60912,0.2754929623600498,,27.7086725,5.81142,9.75383,5.375491035177271,,897.875536,,,379.909506,0.037698180310577666,56.4718645,,,0.03489311589746502,58.56175,29.933974499999998,,0.02185989412569151,380.7959,54.78903720025242,907.88693,,13.001164999999999,168.74727033333332,169.12691,,0.08483392574421604,13.03553,107.01086683333332,529.6577941666667,,0.1737671479197322,35.109644499999995,531.80988
2025-02-01 23:00:00,6121.16,39.4,1.0,12.96462,750.01874,29.786343166666665,105.44807,72.10421816666667,,0.6570818399640024,21.75412,3667.42259,28.54367,,,746.484499,520.15186,0.2370910964263162,,32.26722,899.14708,2.53965457894557,,0.05956316966969688,,,29.85267,47.36087,57.03383,0.9942700199720487,,518.5166780000001,9.022615666666667,,0.690544430966468,1.3507102597016731,31.78607,172.17308,21.98602,72.43895,0.22285717555329734,516.77582,,743.93596,,21.90028433333333,35.11337,,29.66026,3758.5888056666668,,0.05958135538671183,378.44501,3847.29757,56.50466,28.31253,526.71387,,34.92176,,51.772966333333336,,106.37074,0.7149608118425403,71.66349,0.09934443899702154,,28.447633666666665,8.62079,9.51461,0.7414412887995748,,900.3527556666667,,,379.7921963333334,0.06097832259914502,57.770322166666666,,,0.04897916394166278,59.26764,32.02895616666667,,0.02117911159129728,381.54025,38.56086096231733,901.91559,,13.000155000000001,172.3254045,172.43781,,0.07205989543761326,13.0692,105.93505400000001,529.3485031666667,,0.16961540825326363,35.037007499999994,531.38562
2025-02-02 23:00:00,5976.35,40.1,1.0,12.94721,751.51343,30.195874166666666,105.20606,72.12613133333333,,0.8253999422947826,21.93641,3661.59259,29.62177,,,749.1805513333333,520.1873,0.1780871056390299,,34.16021,899.32175,2.5298881629870125,,0.09110468363124623,,,30.66048,46.75124,58.65744,0.963442770707354,,518.1767655,8.992208166666668,,0.6727262373899564,1.4295403127987014,33.75398,173.00164,22.14127,72.49618,0.1661680473526362,516.53874,,746.0672,,22.047187833333332,36.30075,,29.81419,3733.4938183333334,,0.057945474343742025,378.00516,3835.28807,56.52839,28.8903,526.55443,,35.70719,,51.239869500000005,,105.95617,0.6656203841286367,71.60554,0.098231796700572,,29.216906333333334,8.61952,9.37985,0.6354010925293057,,900.9315869999999,,,380.0817598333333,0.21253191622305873,58.51395433333333,,,0.1818808180649376,60.24555,33.97849183333333,,0.024558418451442694,382.26343,42.06223303387902,902.39001,,12.996104666666668,173.19201033333331,173.45475,,0.234827289381526,13.04235,105.51601016666667,529.0289323333333,,0.18068249230434869,36.01260716666666,531.88636
2025-02-03 23:00:00,5962.8,41.4,1.0,12.95397,740.09705,30.721152333333333,106.17855,72.11797716666666,,0.8571389236201726,24.05955,3534.70764,31.46777,,,736.1275575,520.82654,0.13211082689938605,,33.22233,899.62317,2.7103423644669022,,0.08441868027671193,,,30.77584,50.79174,61.28345,0.9971487211671255,,518.4729656666666,8.998435833333334,,0.506044807066257,1.692798983964312,32.78552,172.44691,24.21717,72.45899,0.19965599237541531,517.16693,,732.27516,,24.126224833333332,35.4199,,30.58357,3596.7065494999997,,0.03449477418007627,378.66605,3694.43774,56.75757,31.21795,526.63708,,35.19001,,56.106692833333334,,106.95748,0.6678715256881538,71.7665,0.10398000996551839,,31.38322133333333,8.70732,9.26881,0.8149406323814711,,901.1796823333333,,,379.9534715,0.06948125874533768,58.709765,,,0.04963797168806153,60.18073,33.01992766666667,,0.023328385591850014,381.82861,37.124824505903604,902.7787,,13.0005855,172.55294999999998,172.80059,,0.06097964704542848,13.0603,106.51910366666667,528.7644563333333,,0.15510385067826846,35.294098500000004,532.12805
2025-02-04 23:00:00,5902.61,42.0,1.0,12.92523,738.31696,28.642804333333334,105.69768,72.1732875,,0.8865167784285498,29.4654,3530.01434,30.62203,,,735.2221671666666,520.58675,0.43031036901721165,,32.28588,901.09973,2.4781392525162986,,0.07658273726412393,,,28.69774,52.9478,64.09158,1.4600985903441388,,518.1774873333333,8.940771,,0.4792893534351128,1.405141949511966,30.68639,170.65934,31.10607,72.46757,0.5212260827711814,515.95476,,732.82778,,30.307431666666666,33.54129,,28.5533,3657.0790188333335,,0.4081862272407537,378.71229,3787.19849,57.6396,30.44897,525.58282,,33.22472,,58.510267,,107.77464,0.9931915345497621,71.80084,0.41393523342433436,,30.55798533333333,6.82831,9.42399,0.738496656490842,,902.871434,,,379.98422416666665,0.03054326753005385,59.5131245,,,0.08746274926769378,61.45013,31.270146666666665,,0.03265148367208898,381.21056,60.45298376405677,904.87082,,12.998842666666667,170.78678649999998,170.95174,,0.03193482278528752,13.06715,106.52420683333334,528.8803873333334,,0.15504786395617595,33.36161583333333,532.21021
2025-02-05 23:00:00,5435.19,46.4,1.0,12.93798,750.88655,25.724374166666667,102.24391,69.19193466666667,,1.1974649827205466,19.29926,1907.34132,27.69593,,,735.427296,507.85095,2.647132719650352,,28.37209,903.14905,3.6178342949825755,,1.7467490743568093,,,25.84427,44.49332,61.84677,1.3221715718462232,,505.7091656666667,10.1134915,,0.42643118026585203,10.49001671311833,27.02053,195.62202,23.81439,70.10111,0.6521369560444038,503.51977,,719.06805,,21.6245735,36.56871,,25.57401,2054.405985,,1.3931175869139323,379.10117,2206.21072,56.69969,27.38752,512.07185,,31.04497,,51.30418266666666,,104.95869,0.9667028635125158,67.43132,0.3095360990267184,,27.575930500000002,6.52225,17.36392,0.9133246245511142,,904.6996256666666,,,379.99995766666666,0.08980315289140783,60.07974766666667,,,1.4545049936285568,62.25113,27.960276,,0.02774340461349373,380.80101,86.35212091035181,906.74364,,12.999564333333334,198.91463883333333,201.78098,,0.0694213217696319,13.05162,104.17990466666667,514.9892901666667,,0.6842376482823762,35.07148333333334,517.64389
2025-02-13 23:00:00,5556.61,42.1,1.0,12.92018,711.58582,27.047108166666664,101.27643,79.57692683333333,,1.1645335885614005,15.96452,3618.52271,28.52441,,,695.9844728333334,519.15916,0.102747365946278,,24.85219,897.94076,3.093878383116422,,0.11488076460404242,,,27.19472,57.52539,71.0359,1.3507965619450675,,516.014719,8.8137025,,1.9861028734186204,9.567994771055798,23.4773,170.32988,19.80358,80.48836,1.6499762756961995,513.0749,,679.87972,,16.998275166666666,42.14529,,26.76081,3842.2661545,,1.1165080392911018,375.69708,4094.51428,60.02639,28.15841,519.31663,,40.88688,,65.24421033333334,,106.65964,1.2152248423732275,79.08051,0.34306025966622816,,28.345058333333334,8.56645,9.07618,1.3675792022470703,,900.8187068333334,,,380.19478499999997,0.09612453418223355,62.73531066666667,,,0.35875821127066,65.63107,24.10126066666667,,0.031278478910232485,383.72504,125.7693197054744,903.49324,,12.992353333333334,170.48070049999998,170.80299,,0.12472559923031391,13.04985,104.12341083333334,522.7714836666667,,0.3388642407353243,41.49873133333333,525.52353
2025-02-14 23:00:00,5852.85,39.7,1.0,12.96038,733.68488,27.543552,101.97727,80.07792816666667,,1.0422793089436668,20.15872,3052.41506,28.57256,,,731.4893973333333,508.58521,0.12143571881608177,,28.03114,900.59882,4.518992505518056,,0.1479645783123192,,,27.65738,39.41106,60.52412,1.6641263019945836,,505.0483875,9.518174166666666,,2.7962968455834014,1.1553211508095909,25.32308,171.3889,21.24637,80.55704,0.5106518630312226,501.62311,,728.12811,,20.908212166666665,38.76777,,27.46463,3131.466276333333,,0.3275304782355249,374.207,3227.55542,51.47005,28.274,508.83481,,38.24862,,49.86490933333334,,103.9495,1.461963716270085,79.11485,0.406390952729436,,28.40310283333333,9.27088,9.8271,1.2555291651479443,,902.5959876666667,,,379.9412385,0.07012516007031247,54.53672566666667,,,0.1796873296181738,56.50369,27.448901999999997,,0.027610334986211793,383.87597,42.046361757816385,905.0819,,12.9992745,171.62069766666667,171.89651,,0.06313480623748143,13.05671,103.28326716666668,512.1844271666666,,0.2560613756967262,38.507465333333336,516.06387
2025-02-15 23:00:00,5912.79,39.9,1.0,12.93998,735.22714,28.357179833333337,101.40008,80.25432866666667,,1.4359033090362456,20.44175,2980.07715,29.12134,,,733.3081973333334,509.36293,0.28182646941537587,,27.94693,879.3334,3.9870164990106383,,0.17065064318926096,,,28.46663,40.94823,58.29244,2.29054017084554,,505.31879416666663,9.489527500000001,,2.42609173539382,0.8622060932339303,27.01137,175.50371,21.21771,80.75449,0.834978656031867,501.19008,,731.19309,,20.893132166666664,38.42382,,28.274,3086.7792678333335,,0.21478500305166348,374.29201,3206.40479,50.66596,28.8518,508.01007,,38.17535,,48.10117,,105.09249,1.9531291004925493,79.86169,0.20171450430498644,,29.0161755,8.91286,10.05412,6.873448854785334,,897.3289103333334,,,379.9962021666667,0.06962642001534222,54.12114933333333,,,0.06750077673544008,56.8548,27.489580666666665,,0.03001485019270284,384.18893,48.81878475185537,904.90036,,13.001675333333333,175.71423166666668,176.06757,,0.05560302182044479,13.08194,102.95909983333333,512.6255993333333,,0.1821483637547463,38.29541666666667,517.18959
2025-02-16 23:00:00,5956.6900000000005,42.1,1.0,12.89153,737.10644,28.302507166666665,101.40385,80.191018,,1.5348751565228982,21.49746,2890.297,29.08284,,,733.5149301666667,510.80263,0.14455107282636873,,29.10169,894.40967,3.570394408694864,,0.14101493997621684,,,28.62071,39.80539,57.85721,2.875322029982256,,505.1834631666667,9.546123,,2.7572844894673945,1.3981247668682888,27.83602,174.77689,22.10051,80.68294,0.671696525720568,501.30139,,731.05792,,21.777626666666666,33.36863,,28.00427,3005.599144166667,,0.15895358095109263,375.15367,3203.33148,48.79696,28.46663,506.37332,,32.81211,,47.02305333333334,,104.06029,2.061630564115827,79.6385,0.2556525071276997,,28.7975025,9.19457,9.81099,2.1021783471747764,,897.8139054999999,,,380.23727966666667,0.1993883413505562,53.983928,,,0.16757335017650737,56.38485,28.470936,,0.05051150436169265,385.10094,65.9864204763295,901.63063,,13.004065,175.0805113333333,175.29233,,0.19002094264680014,13.08402,102.631096,512.2503073333334,,0.22324608702550724,33.11341433333333,518.84401
2025-02-17 23:00:00,5870.74,42.6,1.0,12.8939,743.10544,24.34335133333333,96.93681,80.13000749999999,,1.184068166068591,29.58555,3182.07788,27.15616,,,740.6496096666667,513.78717,0.13367921447479794,,20.27561,899.35113,4.278618497204799,,0.3340710409666696,,,24.56962,39.22817,57.96833,1.8871964647467823,,508.32638633333335,12.589310666666668,,0.8963601840000299,1.219116415085994,17.99373,173.43213,30.41463,80.44544,0.7629543227645873,504.51694,,738.07642,,30.099098833333336,38.44293,,24.10578,3357.4797678333334,,0.21522392037597785,378.27495,3432.21118,50.12733,26.8476,511.57928,,37.41053,,49.905882,,99.88433,1.6935674908500777,79.59557,0.8476108295956175,,26.985279833333333,12.3074,12.92777,1.250655685316622,,902.2738676666667,,,380.22548066666667,0.07609961456709,52.9435575,,,0.38446881545298583,55.44263,19.052777166666665,,0.0337732730655373,382.32227,55.27178993715372,904.25653,,13.000136,174.243839,174.61318,,0.15053645867833387,13.07197,98.5134305,515.8561171666666,,0.18321912902152937,38.062775333333335,522.53027
2025-02-18 23:00:00,5802.93,43.2,1.0,12.91015,745.51321,23.2651915,97.28428,80.29518833333333,,0.5623315024109008,26.40925,2923.46521,25.86358,,,743.3654158333334,510.79541,0.16669420836583393,,23.48378,896.75757,3.8594317269154925,,0.09453926239210626,,,23.3323,42.46458,66.16971,1.9296934872690357,,507.478269,11.929147,,2.213791191469378,1.0428222592923675,22.62411,176.16639,28.41709,80.66006,0.1921831301563586,502.90958,,740.25951,,27.485205333333333,36.76008,,23.13886,3082.6416741666667,,0.5575580697748695,375.10306,3239.95337,51.14903,25.60297,507.94321,,36.47301,,48.576979666666666,,98.16414,1.390051194670813,79.78443,0.19945622479816263,,25.732446,11.65515,12.35793,1.66373138322119,,900.4506103333333,,,380.02986616666664,0.05870373430214828,52.32210716666667,,,0.06963941149453423,53.7843,22.961918333333333,,0.037869411496861544,385.15128,67.85531819659757,904.10272,,12.993595,176.3398205,176.50127,,0.059928504658413775,13.06337,97.69708949999999,514.2961468333334,,0.17089918851317934,36.610758499999996,518.33997
2025-02-19 23:00:00,5710.16,43.8,1.0,12.89276,748.09082,27.134728833333334,97.64886,80.104528,,0.4778130789062792,22.85176,3185.38159,29.12134,,,744.8585204999999,511.79303,0.10213248650802,,22.32378,901.15717,2.0204541486014946,,0.08661844588638688,,,27.26863,42.25006,52.29882,2.3332850170310513,,508.1883833333333,13.205417833333334,,2.1279667383219727,1.2604245939437693,21.40247,169.87206,23.51873,80.50553,0.1878969558867186,501.80179,,742.01033,,23.144029333333332,39.16895,,27.00189,3439.6448681666666,,0.15326437434581922,375.08376,3602.44379,51.95562,28.86142,507.05133,,38.93972,,48.514290833333334,,98.40107,1.6873620088290424,79.51259,0.20308027546186463,,28.981666333333333,13.03433,13.47558,0.8682207848295554,,902.7616703333333,,,379.90480766666667,0.054396801001613274,53.015916999999995,,,0.04395220654783482,54.03162,21.95041216666667,,0.05170405636290572,383.84341,80.63351927641787,905.3363,,13.002946166666668,170.03052316666665,170.17957,,0.06580761508898907,13.11673,98.05233916666666,515.1018103333333,,0.18560200915591282,39.0303665,520.25836
2025-02-20 23:00:00,5874.2300000000005,43.4,1.0,12.94237,755.08301,28.247680166666665,97.8726,80.13428733333333,,0.5615065885924834,22.48531,3375.59072,29.85267,,,753.0588795,515.0329,0.10865189562085775,,25.24823,897.6662,3.1646691846767108,,0.25014226940809275,,,28.44737,41.35568,54.74118,2.532901196744514,,508.1807688333334,14.002783166666665,,1.7829704002298952,1.1958304828202764,24.4419,170.90056,23.77249,80.5227,0.1383641851877998,504.04075,,749.62113,,23.11080133333333,35.72635,,28.08455,3503.5441136666664,,0.36571388892702095,375.01657,3819.33218,53.03038,29.58328,509.94892,,35.22832,,46.12210483333333,,98.43328,1.9011519299304596,79.72434,0.1976195855352369,,29.683788333333332,13.74671,14.2434,2.0270595496210415,,900.0016381666667,,,380.094953,0.05962477576738469,54.23941333333333,,,0.1412255995122672,55.14013,24.914613999999997,,0.03062317037357177,383.28286,85.19167650158217,908.52301,,13.000113,171.3563166666667,171.70361,,0.09292491478665246,13.05255,98.13280783333333,515.2284525,,0.17387986105614467,35.451984833333334,523.8783
2025-02-21 23:00:00,5775.74,44.3,1.0,12.91251,749.97052,29.342282,99.1818,80.10234633333333,,0.4951066902381049,24.05316,3388.96733,31.19233,,,747.8041523333334,516.10887,0.09680571890280111,,22.36552,895.91968,2.548783303357087,,0.14514897515122033,,,29.42932,42.5595,54.79134,3.218280962005906,,509.286623,13.9932825,,1.3264953299940092,1.447674026787529,21.69931,172.34752,26.06419,80.4712,0.4278543055952043,505.79035,,744.16473,,24.731585,33.38781,,29.25609,3584.2043343333335,,0.5626646908781626,376.24443,3954.93787,53.61454,30.96808,511.52879,,32.38976,,47.617216,,100.90068,2.2794338014354687,79.57555,0.15386226870177303,,31.030715,13.68833,14.17588,1.0092506145127054,,897.8829815,,,379.714277,0.04399378317020667,54.63140966666666,,,0.2032335772762863,55.73896,22.034947666666664,,0.04614703102262828,383.44082,135.68368479698137,899.97592,,12.996656999999999,172.655433,172.84224,,0.049589392448286175,13.07753,100.0635435,516.3076884999999,,0.17235014389776562,32.626422833333336,525.64192
2025-02-22 23:00:00,5758.320000000001,45.5,1.0,12.93339,751.59787,29.265985333333333,99.32547,80.22939733333332,,0.6206255385821883,23.25277,3294.567,31.19873,,,749.1098601666667,511.36242,0.07886331327622459,,21.31295,892.13849,2.1361152167561177,,0.2441322610312766,,,29.56404,41.92595,50.86968,2.0922734503650906,,507.4767003333333,13.992212333333333,,1.2686700362031293,1.1440991921877084,20.69286,170.01087,24.59878,80.62572,0.2000887717935505,504.10922,,747.02666,,24.156168166666664,32.60095,,28.94807,3521.3863165000002,,0.40857633863599063,374.96936,3789.63139,54.08082,30.66048,509.96973,,31.77518,,46.110501500000005,,100.0634,1.5076366221835849,79.85311,0.15936018328697935,,30.957888,13.78761,14.14648,2.4926685648559928,,900.6957576666666,,,380.0790311666667,0.1586975972584088,55.2891995,,,0.2415270882826962,56.4381,21.00884883333333,,0.035881165093211854,382.18958,115.38663500842851,904.42509,,12.996085166666667,170.40589183333336,170.79117,,0.17922500994953677,13.07175,99.60166766666666,514.1144908333333,,0.1696289778157102,32.1891745,518.89639
2025-02-23 23:00:00,5760.63,44.7,1.0,12.89084,748.16309,29.127000833333334,98.67586,80.08470050000001,,0.5965707268939299,24.8513,3444.6405,31.34607,,,745.8567294999999,513.28581,0.08322714479300297,,18.40208,900.0164,2.171673724922698,,0.1305594827887943,,,29.41008,40.95827,51.39365,2.6906643262864716,,509.8245728333333,14.010866333333333,,0.6964393195260555,1.2466960147504382,17.67071,170.7402,28.30597,80.46547,0.22695361469981645,506.56055,,743.01312,,25.567275166666665,32.54335,,28.92882,3660.047246666667,,1.131028622352825,378.27922,3891.20422,53.99497,30.73739,511.67122,,32.02489,,47.37496416666667,,99.66364,1.8436660390426038,79.66711,0.1515928103995386,,31.004058833333332,13.80102,14.21248,0.4890144973952047,,900.8863268333333,,,379.9981966666667,0.18361334275481933,55.177172166666665,,,0.165187116164609,56.52144,18.0033125,,0.04530947231256287,381.74732,128.341078891384,902.02631,,12.999880333333333,170.94399616666666,171.16112,,0.14043480000283334,13.09457,99.27748466666667,516.5249643333333,,0.17457579655787103,32.318327,521.92697
2025-02-24 23:00:00,5773.62,45.1,1.0,12.90207,740.22539,30.249162166666668,99.93742,80.0521265,,0.47680605065440496,22.73054,3341.89119,31.96086,,,737.5093878333333,512.36292,0.10600292503745995,,23.31525,905.35303,1.0959637690589044,,0.07417961738335761,,,30.35281,46.35846,51.40291,2.3724837414565934,,508.660732,14.016864333333332,,1.6886632893894578,1.41559448591969,22.71979,170.84728,25.50421,80.38535,0.18712304605095917,505.83198,,734.48196,,24.272622000000002,33.15436,,30.16047,3465.7057943333334,,0.8517546928403726,376.29797,3660.47003,54.95262,31.41013,511.41888,,32.80891,,48.756200166666666,,100.63547,1.8514963398883022,79.56123,0.1348350014445356,,31.6729725,13.76016,14.26798,1.2521429946349285,,909.0005763333334,,,379.91327650000005,0.17501837312388743,56.05413816666667,,,0.08903821646247946,57.05158,22.977999166666667,,0.03726380291645753,383.60815,86.06977614811817,912.08874,,13.000167,171.00242766666668,171.13461,,0.0673615545960669,13.07044,100.28561599999999,515.2914595,,0.18678785889322455,32.942165833333334,520.55101
2025-02-25 23:00:00,5637.38,45.4,1.0,12.90558,738.70175,30.740005166666666,100.34645,79.9508535,,0.2126301901989413,23.74045,3405.93374,32.19773,,,736.7731826666666,514.3626,0.06494086336292448,,22.31843,898.7089,0.9269494458606425,,0.11750178822008084,,,30.85274,46.92102,51.69923,2.5959586155332004,,510.3018936666667,13.9895075,,1.1599915830375798,0.8614589646932603,21.63614,169.90071,24.33877,80.248,0.27049136101913773,506.15918,,735.42342,,24.1799065,34.94092,,30.66048,3595.160233833333,,0.1533661148333217,377.20925,3866.05577,55.53755,31.89043,511.04483,,34.70137,,49.081895,,101.44873,1.871551382841748,79.46109,0.14192540754478003,,32.04584833333333,13.81107,14.12305,0.6864342792502517,,900.586457,,,379.9608535,0.08626121467088661,55.92454083333334,,,0.0605625276573134,56.32466,22.04458983333333,,0.044100718909804305,382.26462,126.97975470366316,901.66745,,12.995995333333333,170.200533,170.36008,,0.06222488971442079,13.11552,100.79292266666667,516.6892881666666,,0.166622483068201,34.82987883333333,522.50065
2025-02-26 23:00:00,5706.29,46.6,1.0,12.89169,738.15657,26.891319833333334,100.09198,80.10988083333334,,0.23864923380752473,23.93468,3386.33929,29.12134,,,736.0959573333333,513.60017,0.07834729727634794,,17.36883,898.04773,1.070101968303214,,0.06721003708248127,,,26.92475,48.40418,53.07745,2.090360734155376,,510.4199116666667,13.994244,,2.0801655349339194,0.8346794305293267,16.66509,169.90416,24.80289,80.47692,0.1785170788056663,505.32883,,734.51801,,24.301860166666664,31.54463,,26.8476,3614.854798,,0.24936308801840626,375.50721,3759.34078,54.78208,28.96732,510.53003,,31.40052,,50.89070883333333,,100.79713,1.520769667688021,79.60988,0.15769626561789846,,29.0772215,13.81841,14.15484,0.9689932101689198,,900.4230691666667,,,379.3413445,0.05053660421426009,55.25816716666667,,,0.03730399845997348,55.75207,16.98074,,0.03714368829251854,382.87609,82.57801613268492,901.93466,,12.998832166666666,170.02702966666666,170.20387,,0.029787920227790605,13.06597,100.43386866666667,517.4371211666667,,0.18344222781778194,31.456028500000002,521.45032
2025-02-27 23:00:00,5626.83,48.9,1.0,12.90287,759.42772,29.227015666666667,99.7479,80.25110833333333,,0.5865756122615177,22.05697,3592.04308,29.31143,,,757.9673776666666,514.99725,0.12258638937730816,,25.35631,896.15962,0.954323269883613,,0.11691976066605314,,,29.31384,44.6708,49.09077,3.0609015243537234,,508.404436,11.990499333333334,,2.4580147925468045,1.3147461948434853,24.59347,169.94227,22.76051,80.69225,0.2667693991515899,505.01679,,754.38935,,22.457241333333332,31.73675,,29.15984,3771.1267636666666,,0.21053503735512613,374.89665,4159.30911,52.9152,29.12134,511.12482,,31.5062,,46.473535999999996,,100.87452,2.310412329527229,79.87672,0.18230517268586355,,29.191683666666666,11.73327,12.30146,0.8568273247257654,,898.8241300000001,,,379.34685199999996,0.039512774332867866,54.493193166666664,,,0.07355984127701966,55.42759,24.937421333333337,,0.042850328867673655,383.30795,154.4310338414834,900.44973,,12.998998,170.15203383333335,170.34262,,0.0450235964261106,13.10524,100.45005816666666,515.5504923333333,,0.17818509610834501,31.613155666666668,524.41022
2025-02-28 23:00:00,5430.389999999999,51.3,1.0,12.91253,742.19366,29.347719333333334,99.83766,80.6874395,,0.2775343769628507,22.38507,3203.29507,29.57366,,,740.5481385,512.07118,0.1298977760259857,,30.31372,899.64994,0.9515736898826833,,0.41672888346826314,,,29.50631,44.62624,49.73609,1.9107806200190887,,508.57621366666666,9.996920666666666,,2.0628706733971516,0.7351164879276783,29.59679,189.49139,23.19153,81.1322,0.5747916759283238,505.81339,,738.80102,,22.85148333333333,31.00653,,29.20316,3336.6123211666663,,0.2031162125956715,376.23909,3461.77429,54.21644,29.08284,510.88222,,30.69894,,47.751311,,101.72411,1.3080380070813982,79.61918,0.1651745593790807,,29.390742666666664,9.7052,10.40734,1.2377370186346397,,902.5736461666667,,,380.211472,0.13441399119904066,54.938259333333335,,,0.06382163385114327,55.41254,29.98360016666667,,0.04411436005455142,384.00723,67.79788032952165,905.62555,,12.996861166666667,190.0573405,190.68297,,0.08731386836990844,13.08561,100.77467766666668,515.4387796666666,,0.270370007566062,30.821820166666665,521.01704
